Time,Timestamp,Counter,Interpolated,Accelerometer X,Accelerometer Y,Accelerometer Z,Magnetometer X,Magnetometer Y,Magnetometer Z,Quaternion 0,Quaternion 1,Quaternion 2,Quaternion 3
1722050688.6284,2024-07-26 20:24:48.628,24,false,0.447371,-0.30481,0.586365,0.6026,0.886244,-0.433845,-0.126345,-0.046107,0.002315,0.05564
1722050688.6596,2024-07-26 20:24:48.659,25,false,0.447371,-0.30481,0.586365,0.6026,0.888685,-0.444099,-0.116091,-0.04605,0.002437,0.055667
1722050688.6909,2024-07-26 20:24:48.690,26,false,0.447289,-0.30481,0.586365,0.602661,0.884291,-0.436774,-0.119509,-0.045974,0.00234,0.055654
1722050688.7221,2024-07-26 20:24:48.722,27,false,0.447332,-0.304749,0.586426,0.6026,0.884291,-0.436774,-0.119509,-0.045905,0.002252,0.055643
1722050688.7534,2024-07-26 20:24:48.753,28,false,0.447371,-0.30481,0.586365,0.6026,0.891127,-0.446052,-0.124392,-0.045856,0.002283,0.055658
1722050688.7846,2024-07-26 20:24:48.784,29,false,0.447374,-0.304688,0.586426,0.6026,0.891127,-0.446052,-0.124392,-0.045811,0.002311,0.055671
1722050688.8159,2024-07-26 20:24:48.815,30,false,0.447412,-0.304749,0.586365,0.6026,0.885267,-0.42945,-0.131228,-0.045808,0.002178,0.055682
1722050688.8471,2024-07-26 20:24:48.847,31,false,0.44745,-0.304932,0.586304,0.602539,0.897963,-0.431403,-0.126345,-0.045768,0.00218,0.055656
1722050688.8784,2024-07-26 20:24:48.878,0,false,0.447652,-0.304993,0.586243,0.602417,0.897963,-0.431403,-0.126345,-0.045732,0.002182,0.055633
1722050688.9096,2024-07-26 20:24:48.909,1,false,0.447774,-0.304932,0.586182,0.602417,0.89601,-0.435798,-0.119997,-0.045798,0.002122,0.055758
1722050688.9409,2024-07-26 20:24:48.940,2,false,0.447812,-0.304993,0.586121,0.602417,0.897475,-0.414313,-0.127321,-0.045771,0.00202,0.055773
1722050688.9721,2024-07-26 20:24:48.972,3,false,0.447732,-0.304993,0.586182,0.602417,0.897475,-0.414313,-0.127321,-0.045638,0.002038,0.05586
1722050689.0034,2024-07-26 20:24:49.003,4,false,0.447771,-0.305054,0.586121,0.602417,0.895033,-0.427497,-0.132204,-0.045652,0.002115,0.055816
1722050689.0346,2024-07-26 20:24:49.034,5,false,0.447528,-0.304932,0.586182,0.6026,0.87892,-0.421637,-0.11902,-0.045664,0.002159,0.055862
1722050689.0659,2024-07-26 20:24:49.065,6,false,0.447165,-0.304871,0.586365,0.602722,0.87892,-0.421637,-0.11902,-0.045675,0.0022,0.055903
1722050689.0971,2024-07-26 20:24:49.097,7,false,0.446967,-0.304688,0.586548,0.602783,0.891615,-0.424567,-0.123415,-0.045698,0.002273,0.055843
1722050689.1284,2024-07-26 20:24:49.128,8,false,0.447008,-0.304749,0.586548,0.602722,0.898939,-0.42945,-0.12781,-0.045681,0.002216,0.055971
1722050689.1596,2024-07-26 20:24:49.159,9,false,0.446971,-0.304688,0.58667,0.602661,0.89308,-0.43238,-0.126833,-0.045667,0.002166,0.05599
1722050689.1909,2024-07-26 20:24:49.190,10,false,0.446888,-0.30481,0.58667,0.602661,0.893568,-0.426032,-0.116091,-0.04558,0.002206,0.055908
1722050689.2221,2024-07-26 20:24:49.222,11,false,0.446561,-0.305054,0.586792,0.602661,0.897475,-0.43238,-0.123903,-0.045563,0.00218,0.055896
1722050689.2534,2024-07-26 20:24:49.253,12,false,0.446521,-0.305237,0.586853,0.602539,0.897475,-0.43238,-0.123903,-0.045548,0.002158,0.055885
1722050689.2846,2024-07-26 20:24:49.284,13,false,0.44624,-0.305298,0.587097,0.602478,0.89308,-0.440192,-0.126833,-0.045485,0.002113,0.055851
1722050689.3159,2024-07-26 20:24:49.315,14,false,0.446042,-0.305115,0.58728,0.602539,0.888197,-0.432868,-0.125368,-0.045624,0.002048,0.055735
1722050689.3471,2024-07-26 20:24:49.347,15,false,0.445968,-0.304871,0.587463,0.602539,0.888197,-0.432868,-0.125368,-0.045652,0.002075,0.055874
1722050689.3784,2024-07-26 20:24:49.378,16,false,0.445888,-0.304871,0.587524,0.602539,0.892592,-0.433845,-0.123903,-0.045664,0.002087,0.055866
1722050689.4096,2024-07-26 20:24:49.409,17,false,0.445927,-0.30481,0.587463,0.6026,0.898451,-0.435798,-0.116579,-0.045639,0.002135,0.055821
1722050689.4409,2024-07-26 20:24:49.440,18,false,0.446011,-0.304688,0.587463,0.6026,0.898451,-0.435798,-0.116579,-0.045616,0.002178,0.055781
1722050689.4721,2024-07-26 20:24:49.472,19,false,0.44622,-0.304504,0.587524,0.602478,0.885267,-0.443122,-0.127321,-0.045559,0.002241,0.055782
1722050689.5034,2024-07-26 20:24:49.503,20,false,0.44639,-0.304382,0.587646,0.602295,0.888685,-0.435798,-0.116091,-0.045617,0.002188,0.055758
1722050689.5346,2024-07-26 20:24:49.534,21,false,0.446011,-0.304688,0.587463,0.6026,0.892592,-0.433845,-0.123903,-0.04556,0.002128,0.055785
1722050689.5659,2024-07-26 20:24:49.565,22,false,0.446312,-0.304504,0.58783,0.602112,0.879896,-0.44654,-0.119509,-0.045509,0.002073,0.05581
1722050689.5971,2024-07-26 20:24:49.597,23,false,0.446431,-0.304688,0.587708,0.602051,0.883803,-0.434821,-0.12195,-0.045535,0.002,0.055746
1722050689.6284,2024-07-26 20:24:49.628,24,false,0.446627,-0.304871,0.587463,0.602051,0.889174,-0.422614,-0.123903,-0.045572,0.001971,0.055726
1722050689.6596,2024-07-26 20:24:49.659,25,false,0.44658,-0.305054,0.587341,0.602112,0.889174,-0.422614,-0.123903,-0.045556,0.001933,0.055634
1722050689.6909,2024-07-26 20:24:49.690,26,false,0.44658,-0.305054,0.587341,0.602112,0.889662,-0.414801,-0.115602,-0.045614,0.001947,0.055564
1722050689.7221,2024-07-26 20:24:49.722,27,false,0.44683,-0.304932,0.587402,0.601929,0.887221,-0.431403,-0.122438,-0.045521,0.001923,0.055599
1722050689.7534,2024-07-26 20:24:49.753,28,false,0.447039,-0.304749,0.587463,0.601807,0.887221,-0.431403,-0.122438,-0.045437,0.001902,0.05563
1722050689.7846,2024-07-26 20:24:49.784,29,false,0.447121,-0.304504,0.587402,0.601929,0.894545,-0.434333,-0.115602,-0.045471,0.001748,0.055609
1722050689.8159,2024-07-26 20:24:49.815,30,false,0.447119,-0.304504,0.587341,0.60199,0.894057,-0.427985,-0.117556,-0.045452,0.001805,0.055578
1722050689.8471,2024-07-26 20:24:49.847,31,false,0.44712,-0.304382,0.587341,0.602051,0.894057,-0.427985,-0.117556,-0.045436,0.001857,0.05555
1722050689.8784,2024-07-26 20:24:49.878,0,false,0.447204,-0.304138,0.587341,0.602112,0.89308,-0.424079,-0.123415,-0.045421,0.001903,0.055439
1722050689.9096,2024-07-26 20:24:49.909,1,false,0.447322,-0.303955,0.587158,0.602295,0.885756,-0.42945,-0.116091,-0.045469,0.001823,0.055364
1722050689.9409,2024-07-26 20:24:49.940,2,false,0.447524,-0.303894,0.587036,0.602295,0.885267,-0.431403,-0.12195,-0.045585,0.00186,0.055431
1722050689.9721,2024-07-26 20:24:49.972,3,false,0.447483,-0.303833,0.587036,0.602356,0.890639,-0.429938,-0.120485,-0.045641,0.001943,0.055381
1722050690.0034,2024-07-26 20:24:50.003,4,false,0.447685,-0.303772,0.586914,0.602356,0.884779,-0.419684,-0.134646,-0.045679,0.001944,0.055324
1722050690.0346,2024-07-26 20:24:50.034,5,false,0.447731,-0.303589,0.587036,0.602295,0.884779,-0.419684,-0.134646,-0.04575,0.00203,0.055212
1722050690.0659,2024-07-26 20:24:50.065,6,false,0.44765,-0.303711,0.587097,0.602234,0.884779,-0.432868,-0.12781,-0.045838,0.002047,0.055147
1722050690.0971,2024-07-26 20:24:50.097,7,false,0.44757,-0.303833,0.587158,0.602173,0.891127,-0.435798,-0.132204,-0.045783,0.001989,0.055248
1722050690.1284,2024-07-26 20:24:50.128,8,false,0.447324,-0.304077,0.587219,0.602173,0.891127,-0.435798,-0.132204,-0.045734,0.001936,0.055338
1722050690.1596,2024-07-26 20:24:50.159,9,false,0.447158,-0.304321,0.587219,0.602173,0.888685,-0.436286,-0.124392,-0.045775,0.001852,0.055334
1722050690.1909,2024-07-26 20:24:50.190,10,false,0.447118,-0.304382,0.58728,0.602112,0.883314,-0.431891,-0.125368,-0.045738,0.001887,0.055319
1722050690.2221,2024-07-26 20:24:50.222,11,false,0.446958,-0.304382,0.587402,0.602112,0.883314,-0.431891,-0.125368,-0.045779,0.001906,0.05528
1722050690.2534,2024-07-26 20:24:50.253,12,false,0.446636,-0.304138,0.587585,0.602295,0.879896,-0.448493,-0.125368,-0.045754,0.001984,0.055282
1722050690.2846,2024-07-26 20:24:50.284,13,false,0.447118,-0.304382,0.58728,0.602112,0.879896,-0.448493,-0.125368,-0.045732,0.001956,0.055369
1722050690.3159,2024-07-26 20:24:50.315,14,false,0.446634,-0.304138,0.587524,0.602356,0.884291,-0.428473,-0.118532,-0.045749,0.001932,0.055362
1722050690.3471,2024-07-26 20:24:50.347,15,false,0.446715,-0.304138,0.587463,0.602356,0.880385,-0.437263,-0.116091,-0.045874,0.001934,0.055307
1722050690.3784,2024-07-26 20:24:50.378,16,false,0.446713,-0.304138,0.587402,0.602417,0.880385,-0.437263,-0.116091,-0.045986,0.001936,0.055257
1722050690.4096,2024-07-26 20:24:50.409,17,false,0.446875,-0.304138,0.587341,0.602356,0.890639,-0.422614,-0.126833,-0.045965,0.001937,0.055359
1722050690.4409,2024-07-26 20:24:50.440,18,false,0.446956,-0.304016,0.58728,0.602417,0.895033,-0.431403,-0.125856,-0.045861,0.002037,0.055377
1722050690.4721,2024-07-26 20:24:50.472,19,false,0.447038,-0.304016,0.58728,0.602356,0.895033,-0.431403,-0.125856,-0.045767,0.002126,0.055394
1722050690.5034,2024-07-26 20:24:50.503,20,false,0.447126,-0.303894,0.587402,0.602234,0.874037,-0.42945,-0.125368,-0.045658,0.002121,0.055348
1722050690.5346,2024-07-26 20:24:50.534,21,false,0.447123,-0.303894,0.587341,0.602295,0.889174,-0.42652,-0.122927,-0.045634,0.002104,0.055416
1722050690.5659,2024-07-26 20:24:50.565,22,false,0.447083,-0.303833,0.587341,0.602356,0.889174,-0.42652,-0.122927,-0.045611,0.002089,0.055478
1722050690.5971,2024-07-26 20:24:50.597,23,false,0.446999,-0.303711,0.58728,0.602539,0.883314,-0.447517,-0.114137,-0.045579,0.002088,0.05546
1722050690.6284,2024-07-26 20:24:50.628,24,false,0.447119,-0.30365,0.587158,0.6026,0.888197,-0.436286,-0.122438,-0.045623,0.002135,0.055431
1722050690.6596,2024-07-26 20:24:50.659,25,false,0.447605,-0.303406,0.586914,0.6026,0.888197,-0.436286,-0.122438,-0.045663,0.002178,0.055406
1722050690.6909,2024-07-26 20:24:50.690,26,false,0.447765,-0.303406,0.586792,0.6026,0.888197,-0.436286,-0.122438,-0.04565,0.002229,0.055273
1722050690.7221,2024-07-26 20:24:50.722,27,false,0.447683,-0.303406,0.586792,0.602661,0.880385,-0.42945,-0.134646,-0.045626,0.002287,0.055325
1722050690.7534,2024-07-26 20:24:50.753,28,false,0.447763,-0.303406,0.586731,0.602661,0.882826,-0.442634,-0.128298,-0.045605,0.002253,0.055273
1722050690.7846,2024-07-26 20:24:50.784,29,false,0.447799,-0.303467,0.586609,0.602722,0.882826,-0.442634,-0.128298,-0.045585,0.002223,0.055227
1722050690.8159,2024-07-26 20:24:50.815,30,false,0.447755,-0.303528,0.586548,0.602783,0.888685,-0.431891,-0.130739,-0.045458,0.002209,0.055234
1722050690.8471,2024-07-26 20:24:50.847,31,false,0.447631,-0.303711,0.586548,0.602783,0.885267,-0.42652,-0.132204,-0.045441,0.002134,0.05524
1722050690.8784,2024-07-26 20:24:50.878,0,false,0.447553,-0.303833,0.58667,0.602661,0.885267,-0.42652,-0.132204,-0.045426,0.002067,0.055246
1722050690.9096,2024-07-26 20:24:50.909,1,false,0.447431,-0.304016,0.586731,0.6026,0.884779,-0.436286,-0.133669,-0.045436,0.002007,0.055313
1722050690.9409,2024-07-26 20:24:50.940,2,false,0.447389,-0.304077,0.586731,0.6026,0.889662,-0.429938,-0.135134,-0.045483,0.002075,0.055311
1722050690.9721,2024-07-26 20:24:50.972,3,false,0.447346,-0.304016,0.58667,0.602722,0.889662,-0.429938,-0.135134,-0.045524,0.002136,0.05531
1722050691.0034,2024-07-26 20:24:51.003,4,false,0.447307,-0.304077,0.586731,0.602661,0.889174,-0.434333,-0.120485,-0.04555,0.002203,0.055138
1722050691.0346,2024-07-26 20:24:51.034,5,false,0.447145,-0.303955,0.586792,0.602783,0.883803,-0.424079,-0.124392,-0.045597,0.002239,0.055203
1722050691.0659,2024-07-26 20:24:51.065,6,false,0.447346,-0.304016,0.58667,0.602722,0.884779,-0.436286,-0.133669,-0.045566,0.002308,0.055237
1722050691.0971,2024-07-26 20:24:51.097,7,false,0.447228,-0.303833,0.586792,0.602783,0.87599,-0.437263,-0.12195,-0.045599,0.002346,0.055304
1722050691.1284,2024-07-26 20:24:51.128,8,false,0.447345,-0.303894,0.586609,0.602844,0.888197,-0.448005,-0.118532,-0.045678,0.002307,0.055462
1722050691.1596,2024-07-26 20:24:51.159,9,false,0.447466,-0.303833,0.586548,0.602844,0.892592,-0.431891,-0.127321,-0.045493,0.002296,0.055519
1722050691.1909,2024-07-26 20:24:51.190,10,false,0.447545,-0.303955,0.586487,0.602783,0.892592,-0.431891,-0.127321,-0.045521,0.002347,0.055485
1722050691.2221,2024-07-26 20:24:51.222,11,false,0.447586,-0.304016,0.586487,0.602722,0.884291,-0.427497,-0.129274,-0.045498,0.002381,0.05543
1722050691.2534,2024-07-26 20:24:51.253,12,false,0.447668,-0.304016,0.586487,0.602661,0.887221,-0.425544,-0.128298,-0.045538,0.002375,0.055331
1722050691.2846,2024-07-26 20:24:51.284,13,false,0.447668,-0.304138,0.586487,0.6026,0.887221,-0.425544,-0.128298,-0.045574,0.002369,0.055242
1722050691.3159,2024-07-26 20:24:51.315,14,false,0.447671,-0.304016,0.586548,0.6026,0.875502,-0.43238,-0.125368,-0.045497,0.002328,0.055199
1722050691.3471,2024-07-26 20:24:51.347,15,false,0.447586,-0.304016,0.586487,0.602722,0.886732,-0.434333,-0.120485,-0.045561,0.002388,0.055234
1722050691.3784,2024-07-26 20:24:51.378,16,false,0.447463,-0.304077,0.586487,0.602783,0.886732,-0.434333,-0.120485,-0.04562,0.002442,0.055264
1722050691.4096,2024-07-26 20:24:51.409,17,false,0.447548,-0.303955,0.586548,0.602722,0.888685,-0.423102,-0.131228,-0.045525,0.00243,0.055329
1722050691.4409,2024-07-26 20:24:51.440,18,false,0.448029,-0.303955,0.586243,0.602661,0.888197,-0.440192,-0.123903,-0.045624,0.002358,0.05535
1722050691.4721,2024-07-26 20:24:51.472,19,false,0.447986,-0.304016,0.586182,0.602722,0.900404,-0.431403,-0.131228,-0.045639,0.002281,0.055394
1722050691.5034,2024-07-26 20:24:51.503,20,false,0.448029,-0.303955,0.586243,0.602661,0.886244,-0.426032,-0.133669,-0.045604,0.002345,0.05547
1722050691.5346,2024-07-26 20:24:51.534,21,false,0.448069,-0.303894,0.586182,0.602722,0.882826,-0.42945,-0.12488,-0.045756,0.002257,0.055477
1722050691.5659,2024-07-26 20:24:51.565,22,false,0.448027,-0.303955,0.586182,0.602722,0.882826,-0.42945,-0.12488,-0.045819,0.00219,0.055508
1722050691.5971,2024-07-26 20:24:51.597,23,false,0.448112,-0.303955,0.586243,0.6026,0.882826,-0.428473,-0.129763,-0.045851,0.002081,0.055609
1722050691.6284,2024-07-26 20:24:51.628,24,false,0.447952,-0.303955,0.586365,0.6026,0.884779,-0.435309,-0.122927,-0.045905,0.002129,0.055505
1722050691.6596,2024-07-26 20:24:51.659,25,false,0.448072,-0.304016,0.586304,0.602539,0.884779,-0.435309,-0.122927,-0.045953,0.002173,0.055411
1722050691.6909,2024-07-26 20:24:51.690,26,false,0.447995,-0.304016,0.586426,0.602478,0.894057,-0.434821,-0.128298,-0.04596,0.002114,0.055412
1722050691.7221,2024-07-26 20:24:51.722,27,false,0.448033,-0.304077,0.586365,0.602478,0.887709,-0.426032,-0.128786,-0.045893,0.00211,0.055364
1722050691.7534,2024-07-26 20:24:51.753,28,false,0.44803,-0.304199,0.586304,0.602478,0.887709,-0.426032,-0.128786,-0.045845,0.002058,0.055431
1722050691.7846,2024-07-26 20:24:51.784,29,false,0.447948,-0.304199,0.586304,0.602539,0.894545,-0.431403,-0.126833,-0.045862,0.002048,0.055466
1722050691.8159,2024-07-26 20:24:51.815,30,false,0.447993,-0.303894,0.586365,0.6026,0.881361,-0.42652,-0.127321,-0.045756,0.002038,0.055498
1722050691.8471,2024-07-26 20:24:51.847,31,false,0.44803,-0.304199,0.586304,0.602478,0.894057,-0.434821,-0.128298,-0.045795,0.002005,0.055442
1722050691.8784,2024-07-26 20:24:51.878,0,false,0.447914,-0.303772,0.586426,0.602661,0.876478,-0.444587,-0.128298,-0.04583,0.001976,0.055391
1722050691.9096,2024-07-26 20:24:51.909,1,false,0.447955,-0.303711,0.586426,0.602661,0.887709,-0.428962,-0.116091,-0.045861,0.001924,0.055528
1722050691.9409,2024-07-26 20:24:51.940,2,false,0.448161,-0.30365,0.586426,0.602539,0.881361,-0.43238,-0.125856,-0.045804,0.00194,0.05553
1722050691.9721,2024-07-26 20:24:51.972,3,false,0.448199,-0.303711,0.586365,0.602539,0.881361,-0.43238,-0.125856,-0.045752,0.001953,0.055531
1722050692.0034,2024-07-26 20:24:52.003,4,false,0.448358,-0.303833,0.586243,0.602478,0.881849,-0.417243,-0.123903,-0.045718,0.001892,0.055496
1722050692.0346,2024-07-26 20:24:52.034,5,false,0.448402,-0.303772,0.586304,0.602417,0.887709,-0.423102,-0.119997,-0.0457,0.001971,0.055439
1722050692.0659,2024-07-26 20:24:52.065,6,false,0.448402,-0.303772,0.586304,0.602417,0.887709,-0.423102,-0.119997,-0.045622,0.002128,0.055364
1722050692.0971,2024-07-26 20:24:52.097,7,false,0.448397,-0.303894,0.586182,0.602478,0.886732,-0.434821,-0.130251,-0.045723,0.002135,0.055345
1722050692.1284,2024-07-26 20:24:52.128,8,false,0.448233,-0.303894,0.586182,0.6026,0.885756,-0.429938,-0.12781,-0.045814,0.002117,0.055353
1722050692.1596,2024-07-26 20:24:52.159,9,false,0.448151,-0.303894,0.586182,0.602661,0.885756,-0.429938,-0.12781,-0.045896,0.002101,0.05536
1722050692.1909,2024-07-26 20:24:52.190,10,false,0.448153,-0.303894,0.586243,0.6026,0.887709,-0.428962,-0.133181,-0.045884,0.00211,0.055244
1722050692.2221,2024-07-26 20:24:52.222,11,false,0.448273,-0.304077,0.586182,0.602478,0.889662,-0.427497,-0.128298,-0.045897,0.002095,0.055237
1722050692.2534,2024-07-26 20:24:52.253,12,false,0.448272,-0.304199,0.586182,0.602417,0.889662,-0.434333,-0.122438,-0.045861,0.002032,0.055268
1722050692.2846,2024-07-26 20:24:52.284,13,false,0.448153,-0.30426,0.586304,0.602356,0.87599,-0.432868,-0.126833,-0.045877,0.001987,0.055259
1722050692.3159,2024-07-26 20:24:52.315,14,false,0.448275,-0.304321,0.586304,0.602234,0.889174,-0.427008,-0.126833,-0.045891,0.001984,0.055311
1722050692.3471,2024-07-26 20:24:52.347,15,false,0.448153,-0.304504,0.586365,0.602173,0.889174,-0.427008,-0.126833,-0.045904,0.001981,0.055359
1722050692.3784,2024-07-26 20:24:52.378,16,false,0.448193,-0.304688,0.586365,0.602051,0.89015,-0.411383,-0.121462,-0.045867,0.00199,0.055475
1722050692.4096,2024-07-26 20:24:52.409,17,false,0.44815,-0.304871,0.586365,0.60199,0.888685,-0.435798,-0.128786,-0.045883,0.002011,0.055445
1722050692.4409,2024-07-26 20:24:52.440,18,false,0.448107,-0.304932,0.586304,0.602051,0.888685,-0.435798,-0.128786,-0.045897,0.002029,0.055418
1722050692.4721,2024-07-26 20:24:52.472,19,false,0.448067,-0.304993,0.586365,0.60199,0.893568,-0.422126,-0.123415,-0.045897,0.002034,0.055406
1722050692.5034,2024-07-26 20:24:52.503,20,false,0.447942,-0.305176,0.586365,0.60199,0.89015,-0.430426,-0.119509,-0.045885,0.002026,0.055493
1722050692.5346,2024-07-26 20:24:52.534,21,false,0.447942,-0.305176,0.586365,0.60199,0.89015,-0.430426,-0.119509,-0.045825,0.001933,0.055474
1722050692.5659,2024-07-26 20:24:52.565,22,false,0.447982,-0.305115,0.586304,0.602051,0.89015,-0.434333,-0.12195,-0.045845,0.002057,0.055444
1722050692.5971,2024-07-26 20:24:52.597,23,false,0.447942,-0.305176,0.586365,0.60199,0.89015,-0.434333,-0.12195,-0.045862,0.002169,0.055417
1722050692.6284,2024-07-26 20:24:52.628,24,false,0.447898,-0.305115,0.586243,0.602173,0.894057,-0.433845,-0.12488,-0.045829,0.002062,0.055369
1722050692.6596,2024-07-26 20:24:52.659,25,false,0.448022,-0.304932,0.586243,0.602173,0.880873,-0.425055,-0.134646,-0.045714,0.002124,0.055386
1722050692.6909,2024-07-26 20:24:52.690,26,false,0.448103,-0.305054,0.586243,0.602051,0.880873,-0.425055,-0.134646,-0.045733,0.002058,0.055341
1722050692.7221,2024-07-26 20:24:52.722,27,false,0.448018,-0.305176,0.586182,0.602112,0.882338,-0.438727,-0.12781,-0.045847,0.001999,0.055361
1722050692.7534,2024-07-26 20:24:52.753,28,false,0.44822,-0.305237,0.586121,0.60199,0.89015,-0.436286,-0.123415,-0.045816,0.00197,0.055355
1722050692.7846,2024-07-26 20:24:52.784,29,false,0.448217,-0.305359,0.58606,0.60199,0.89015,-0.436286,-0.123415,-0.045787,0.001944,0.055349
1722050692.8159,2024-07-26 20:24:52.815,30,false,0.448175,-0.30542,0.58606,0.60199,0.89308,-0.429938,-0.131716,-0.045628,0.001969,0.055417
1722050692.8471,2024-07-26 20:24:52.847,31,false,0.448175,-0.30542,0.58606,0.60199,0.888685,-0.432868,-0.11902,-0.045569,0.002029,0.055393
1722050692.8784,2024-07-26 20:24:52.878,0,false,0.448221,-0.305359,0.586182,0.601868,0.888685,-0.432868,-0.11902,-0.045517,0.002082,0.055372
1722050692.9096,2024-07-26 20:24:52.909,1,false,0.447982,-0.305115,0.586304,0.602051,0.882338,-0.42359,-0.132204,-0.045543,0.002069,0.055377
1722050692.9409,2024-07-26 20:24:52.940,2,false,0.447856,-0.305176,0.586243,0.602173,0.887709,-0.436774,-0.125856,-0.04553,0.00196,0.055442
1722050692.9721,2024-07-26 20:24:52.972,3,false,0.447703,-0.305176,0.586548,0.60199,0.887709,-0.436774,-0.125856,-0.045445,0.002118,0.055452
1722050693.0034,2024-07-26 20:24:53.003,4,false,0.447742,-0.305115,0.586487,0.602051,0.887709,-0.436774,-0.125856,-0.045368,0.00226,0.055461
1722050693.0346,2024-07-26 20:24:53.034,5,false,0.447865,-0.305176,0.586487,0.601929,0.881361,-0.424079,-0.130251,-0.045323,0.002303,0.055567
1722050693.0659,2024-07-26 20:24:53.065,6,false,0.447902,-0.305359,0.586426,0.601868,0.884779,-0.430915,-0.123903,-0.04543,0.002292,0.055467
1722050693.0971,2024-07-26 20:24:53.097,7,false,0.448022,-0.30542,0.586365,0.601807,0.884779,-0.430915,-0.123903,-0.045526,0.002283,0.055377
1722050693.1284,2024-07-26 20:24:53.128,8,false,0.448062,-0.305481,0.586365,0.601746,0.888685,-0.433356,-0.130739,-0.045526,0.002286,0.055516
1722050693.1596,2024-07-26 20:24:53.159,9,false,0.448023,-0.305542,0.586426,0.601685,0.884779,-0.436774,-0.116091,-0.045527,0.002265,0.055518
1722050693.1909,2024-07-26 20:24:53.190,10,false,0.448181,-0.305664,0.586304,0.601624,0.884779,-0.436774,-0.116091,-0.045528,0.002332,0.055521
1722050693.2221,2024-07-26 20:24:53.222,11,false,0.448263,-0.305664,0.586304,0.601563,0.892592,-0.425544,-0.126345,-0.045516,0.002257,0.055425
1722050693.2534,2024-07-26 20:24:53.253,12,false,0.448345,-0.305664,0.586304,0.601501,0.882826,-0.424567,-0.115602,-0.045457,0.002202,0.055413
1722050693.2846,2024-07-26 20:24:53.284,13,false,0.448346,-0.305786,0.586365,0.601379,0.882826,-0.424567,-0.115602,-0.045403,0.002153,0.055401
1722050693.3159,2024-07-26 20:24:53.315,14,false,0.448384,-0.305847,0.586304,0.601379,0.895033,-0.422614,-0.131716,-0.045367,0.00228,0.055525
1722050693.3471,2024-07-26 20:24:53.347,15,false,0.448299,-0.305969,0.586243,0.60144,0.903822,-0.426032,-0.125368,-0.045408,0.00221,0.055454
1722050693.3784,2024-07-26 20:24:53.378,16,false,0.448346,-0.305786,0.586365,0.601379,0.892592,-0.425544,-0.126345,-0.045445,0.002246,0.055536
1722050693.4096,2024-07-26 20:24:53.409,17,false,0.4483,-0.305847,0.586243,0.601501,0.885756,-0.420661,-0.12488,-0.045478,0.002277,0.05561
1722050693.4409,2024-07-26 20:24:53.440,18,false,0.448302,-0.305725,0.586243,0.601563,0.891615,-0.407477,-0.125368,-0.045459,0.002221,0.055664
1722050693.4721,2024-07-26 20:24:53.472,19,false,0.448304,-0.305725,0.586304,0.601501,0.891127,-0.43238,-0.125368,-0.045564,0.002145,0.05575
1722050693.5034,2024-07-26 20:24:53.503,20,false,0.448263,-0.305908,0.586365,0.601379,0.891127,-0.43238,-0.125368,-0.045647,0.002089,0.05557
1722050693.5346,2024-07-26 20:24:53.534,21,false,0.448178,-0.306152,0.586365,0.601318,0.886732,-0.421637,-0.123903,-0.045611,0.00221,0.055568
1722050693.5659,2024-07-26 20:24:53.565,22,false,0.448378,-0.306335,0.586304,0.601135,0.886244,-0.419684,-0.130251,-0.045652,0.002209,0.05559
1722050693.5971,2024-07-26 20:24:53.597,23,false,0.4483,-0.306335,0.586426,0.601074,0.886244,-0.419684,-0.130251,-0.045689,0.002207,0.055609
1722050693.6284,2024-07-26 20:24:53.628,24,false,0.4483,-0.306335,0.586426,0.601074,0.899428,-0.431403,-0.12781,-0.045722,0.002329,0.055529
1722050693.6596,2024-07-26 20:24:53.659,25,false,0.448259,-0.306396,0.586426,0.601074,0.882338,-0.446052,-0.119509,-0.045593,0.00223,0.055555
1722050693.6909,2024-07-26 20:24:53.690,26,false,0.448177,-0.306396,0.586426,0.601135,0.882338,-0.446052,-0.119509,-0.045477,0.002141,0.055578
1722050693.7221,2024-07-26 20:24:53.722,27,false,0.44805,-0.30658,0.586365,0.601196,0.885267,-0.424079,-0.12195,-0.045459,0.002159,0.055575
1722050693.7534,2024-07-26 20:24:53.753,28,false,0.448331,-0.306519,0.586182,0.601196,0.894545,-0.433356,-0.12195,-0.045564,0.002273,0.055572
1722050693.7846,2024-07-26 20:24:53.784,29,false,0.44841,-0.306396,0.58606,0.601318,0.881361,-0.437751,-0.129274,-0.045597,0.002277,0.05563
1722050693.8159,2024-07-26 20:24:53.815,30,false,0.448411,-0.306152,0.585999,0.601501,0.877455,-0.419684,-0.118532,-0.04553,0.002257,0.055621
1722050693.8471,2024-07-26 20:24:53.847,31,false,0.448211,-0.306091,0.586121,0.601563,0.885267,-0.411383,-0.120974,-0.045567,0.0023,0.055613
1722050693.8784,2024-07-26 20:24:53.878,0,false,0.448211,-0.306091,0.586121,0.601563,0.885267,-0.411383,-0.120974,-0.045612,0.002204,0.055533
1722050693.9096,2024-07-26 20:24:53.909,1,false,0.448253,-0.30603,0.586121,0.601563,0.892592,-0.439704,-0.112184,-0.0458,0.002155,0.055571
1722050693.9409,2024-07-26 20:24:53.940,2,false,0.448292,-0.305969,0.58606,0.601624,0.881361,-0.420172,-0.120974,-0.0457,0.002135,0.055641
1722050693.9721,2024-07-26 20:24:53.972,3,false,0.44841,-0.305908,0.585876,0.601746,0.881361,-0.420172,-0.120974,-0.04561,0.002116,0.055704
1722050694.0034,2024-07-26 20:24:54.003,4,false,0.448571,-0.305908,0.585815,0.601685,0.895521,-0.420661,-0.122438,-0.045651,0.002064,0.055652
1722050694.0346,2024-07-26 20:24:54.034,5,false,0.448617,-0.305847,0.585938,0.601563,0.892103,-0.428473,-0.125368,-0.04559,0.002175,0.055604
1722050694.0659,2024-07-26 20:24:54.065,6,false,0.448496,-0.305908,0.585999,0.601563,0.892103,-0.428473,-0.125368,-0.045536,0.002274,0.055561
1722050694.0971,2024-07-26 20:24:54.097,7,false,0.448496,-0.305908,0.585999,0.601563,0.895521,-0.428473,-0.112673,-0.045572,0.002132,0.055474
1722050694.1284,2024-07-26 20:24:54.128,8,false,0.448617,-0.305847,0.585938,0.601563,0.895521,-0.428473,-0.112673,-0.045605,0.002005,0.055396
1722050694.1596,2024-07-26 20:24:54.159,9,false,0.448496,-0.305908,0.585999,0.601563,0.889662,-0.438727,-0.118532,-0.045598,0.002097,0.055325
1722050694.1909,2024-07-26 20:24:54.190,10,false,0.448338,-0.305786,0.586121,0.601624,0.885267,-0.434821,-0.130739,-0.045518,0.002107,0.055334
1722050694.2221,2024-07-26 20:24:54.222,11,false,0.448342,-0.305786,0.586243,0.601501,0.885267,-0.434821,-0.130739,-0.045568,0.002031,0.055221
1722050694.2534,2024-07-26 20:24:54.253,12,false,0.448224,-0.305725,0.586365,0.601501,0.896498,-0.431403,-0.136599,-0.045565,0.002096,0.05529
1722050694.2846,2024-07-26 20:24:54.284,13,false,0.448424,-0.305786,0.586243,0.60144,0.892103,-0.425544,-0.106325,-0.045488,0.002082,0.055303
1722050694.3159,2024-07-26 20:24:54.315,14,false,0.448335,-0.30603,0.586121,0.601501,0.892103,-0.425544,-0.106325,-0.045529,0.001984,0.055425
1722050694.3471,2024-07-26 20:24:54.347,15,false,0.448335,-0.306152,0.586182,0.601379,0.879408,-0.436774,-0.126345,-0.045627,0.001993,0.055375
1722050694.3784,2024-07-26 20:24:54.378,16,false,0.44834,-0.306152,0.586304,0.601257,0.897963,-0.414313,-0.129763,-0.045593,0.002062,0.055392
1722050694.4096,2024-07-26 20:24:54.409,17,false,0.448625,-0.306091,0.586243,0.601135,0.897963,-0.414313,-0.129763,-0.045636,0.002112,0.055456
1722050694.4409,2024-07-26 20:24:54.440,18,false,0.44859,-0.30603,0.586426,0.601013,0.890639,-0.42359,-0.123415,-0.045602,0.002109,0.055465
1722050694.4721,2024-07-26 20:24:54.472,19,false,0.448385,-0.306091,0.586426,0.601135,0.889662,-0.42945,-0.119509,-0.045656,0.002166,0.055534
1722050694.5034,2024-07-26 20:24:54.503,20,false,0.447906,-0.305725,0.58667,0.60144,0.889662,-0.42945,-0.119509,-0.045704,0.002218,0.055595
1722050694.5346,2024-07-26 20:24:54.534,21,false,0.447868,-0.305664,0.586731,0.60144,0.889662,-0.42945,-0.119509,-0.045748,0.002265,0.055651
1722050694.5659,2024-07-26 20:24:54.565,22,false,0.448077,-0.305481,0.586792,0.601318,0.883314,-0.431403,-0.130251,-0.045824,0.002209,0.05564
1722050694.5971,2024-07-26 20:24:54.597,23,false,0.448077,-0.305481,0.586792,0.601318,0.886244,-0.433845,-0.126833,-0.045881,0.002269,0.055533
1722050694.6284,2024-07-26 20:24:54.628,24,false,0.447996,-0.305359,0.586792,0.60144,0.886244,-0.433845,-0.126833,-0.045907,0.002311,0.05551
1722050694.6596,2024-07-26 20:24:54.659,25,false,0.448038,-0.305298,0.586792,0.60144,0.890639,-0.433356,-0.123415,-0.045894,0.002336,0.055476
1722050694.6909,2024-07-26 20:24:54.690,26,false,0.448116,-0.305298,0.58667,0.601501,0.877455,-0.442634,-0.12781,-0.045882,0.002237,0.05541
1722050694.7221,2024-07-26 20:24:54.722,27,false,0.448118,-0.305298,0.586731,0.60144,0.877455,-0.442634,-0.12781,-0.045884,0.002123,0.055423
1722050694.7534,2024-07-26 20:24:54.753,28,false,0.448277,-0.305176,0.586548,0.601563,0.890639,-0.429938,-0.13904,-0.045898,0.00213,0.055398
1722050694.7846,2024-07-26 20:24:54.784,29,false,0.448197,-0.305176,0.586609,0.601563,0.893568,-0.431403,-0.128298,-0.045886,0.002113,0.05534
1722050694.8159,2024-07-26 20:24:54.815,30,false,0.448033,-0.305176,0.586609,0.601685,0.893568,-0.431403,-0.128298,-0.045948,0.001987,0.055213
1722050694.8471,2024-07-26 20:24:54.847,31,false,0.448034,-0.305298,0.58667,0.601563,0.886244,-0.423102,-0.121462,-0.045968,0.001996,0.055185
1722050694.8784,2024-07-26 20:24:54.878,0,false,0.44791,-0.305359,0.58667,0.601624,0.898939,-0.431403,-0.130251,-0.045924,0.002065,0.055197
1722050694.9096,2024-07-26 20:24:54.909,1,false,0.448033,-0.305176,0.586609,0.601685,0.890639,-0.429938,-0.13904,-0.045873,0.002176,0.05528
1722050694.9409,2024-07-26 20:24:54.940,2,false,0.447789,-0.30542,0.586731,0.601624,0.879896,-0.436286,-0.11902,-0.045827,0.002275,0.055355
1722050694.9721,2024-07-26 20:24:54.972,3,false,0.447666,-0.305359,0.586731,0.601746,0.884779,-0.419196,-0.134157,-0.045822,0.002243,0.055423
1722050695.0034,2024-07-26 20:24:55.003,4,false,0.447629,-0.305176,0.586792,0.601807,0.891127,-0.438727,-0.131228,-0.04572,0.002361,0.055301
1722050695.0346,2024-07-26 20:24:55.034,5,false,0.447591,-0.305115,0.586853,0.601807,0.891127,-0.438727,-0.131228,-0.045689,0.002344,0.055288
1722050695.0659,2024-07-26 20:24:55.065,6,false,0.447628,-0.305054,0.586731,0.601929,0.883314,-0.442145,-0.133181,-0.045612,0.002281,0.05535
1722050695.0971,2024-07-26 20:24:55.097,7,false,0.447548,-0.305054,0.586792,0.601929,0.879408,-0.429938,-0.124392,-0.045665,0.002321,0.055528
1722050695.1284,2024-07-26 20:24:55.128,8,false,0.44763,-0.305054,0.586792,0.601868,0.879408,-0.429938,-0.124392,-0.045713,0.002358,0.055688
1722050695.1596,2024-07-26 20:24:55.159,9,false,0.44779,-0.305054,0.58667,0.601868,0.885756,-0.436286,-0.122438,-0.045744,0.002403,0.055601
1722050695.1909,2024-07-26 20:24:55.190,10,false,0.448037,-0.304932,0.58667,0.601746,0.891127,-0.43238,-0.133181,-0.045723,0.002333,0.055595
1722050695.2221,2024-07-26 20:24:55.222,11,false,0.448038,-0.305054,0.586731,0.601624,0.891127,-0.43238,-0.133181,-0.045704,0.002271,0.05559
1722050695.2534,2024-07-26 20:24:55.253,12,false,0.448117,-0.304932,0.586609,0.601746,0.879896,-0.434333,-0.131228,-0.045748,0.002312,0.055622
1722050695.2846,2024-07-26 20:24:55.284,13,false,0.447918,-0.304749,0.586731,0.601868,0.888197,-0.427497,-0.122438,-0.045775,0.002215,0.055662
1722050695.3159,2024-07-26 20:24:55.315,14,false,0.447837,-0.304626,0.586731,0.60199,0.889662,-0.428962,-0.128786,-0.045751,0.00214,0.055712
1722050695.3471,2024-07-26 20:24:55.347,15,false,0.44788,-0.304565,0.586792,0.601929,0.898451,-0.433845,-0.129274,-0.045778,0.002183,0.055744
1722050695.3784,2024-07-26 20:24:55.378,16,false,0.447888,-0.304443,0.586975,0.601807,0.884291,-0.435798,-0.12195,-0.045753,0.002257,0.055662
1722050695.4096,2024-07-26 20:24:55.409,17,false,0.447967,-0.304443,0.586914,0.601807,0.884291,-0.435798,-0.12195,-0.045731,0.002325,0.055589
1722050695.4409,2024-07-26 20:24:55.440,18,false,0.447967,-0.304443,0.586914,0.601807,0.892103,-0.421149,-0.123415,-0.045748,0.002239,0.055621
1722050695.4721,2024-07-26 20:24:55.472,19,false,0.447846,-0.304504,0.586975,0.601807,0.887709,-0.427008,-0.128298,-0.045714,0.002271,0.055723
1722050695.5034,2024-07-26 20:24:55.503,20,false,0.447886,-0.304443,0.586914,0.601868,0.887709,-0.427008,-0.128298,-0.045757,0.002154,0.055644
1722050695.5346,2024-07-26 20:24:55.534,21,false,0.447722,-0.304565,0.586975,0.601868,0.887709,-0.429938,-0.123415,-0.045869,0.002109,0.055634
1722050695.5659,2024-07-26 20:24:55.565,22,false,0.447723,-0.304443,0.586975,0.601929,0.883803,-0.432868,-0.130251,-0.045884,0.002094,0.055698
1722050695.5971,2024-07-26 20:24:55.597,23,false,0.447639,-0.304443,0.586914,0.602051,0.883803,-0.432868,-0.130251,-0.045898,0.00208,0.055756
1722050695.6284,2024-07-26 20:24:55.628,24,false,0.447642,-0.304321,0.586975,0.602051,0.894545,-0.428473,-0.127321,-0.045862,0.001982,0.055735
1722050695.6596,2024-07-26 20:24:55.659,25,false,0.447723,-0.304443,0.586975,0.601929,0.894545,-0.428473,-0.127321,-0.045829,0.001893,0.055715
1722050695.6909,2024-07-26 20:24:55.690,26,false,0.447524,-0.30426,0.587097,0.602051,0.886732,-0.419684,-0.12781,-0.045982,0.001802,0.055686
1722050695.7221,2024-07-26 20:24:55.722,27,false,0.447484,-0.304321,0.587158,0.60199,0.890639,-0.433356,-0.115602,-0.045962,0.001817,0.055659
1722050695.7534,2024-07-26 20:24:55.753,28,false,0.447444,-0.30426,0.587158,0.602051,0.890639,-0.433356,-0.115602,-0.045955,0.001904,0.055684
1722050695.7846,2024-07-26 20:24:55.784,29,false,0.447323,-0.304199,0.587219,0.602112,0.882338,-0.428473,-0.118532,-0.045962,0.001811,0.055695
1722050695.8159,2024-07-26 20:24:55.815,30,false,0.447165,-0.304199,0.587402,0.602051,0.891615,-0.417731,-0.122927,-0.045907,0.001911,0.055667
1722050695.8471,2024-07-26 20:24:55.847,31,false,0.447085,-0.304077,0.587463,0.602112,0.891615,-0.417731,-0.122927,-0.045857,0.002,0.055643
1722050695.8784,2024-07-26 20:24:55.878,0,false,0.447041,-0.30426,0.587402,0.602112,0.881361,-0.443122,-0.116579,-0.045874,0.00202,0.055657
1722050695.9096,2024-07-26 20:24:55.909,1,false,0.447163,-0.304199,0.587341,0.602112,0.887709,-0.44654,-0.126345,-0.045974,0.001903,0.055499
1722050695.9409,2024-07-26 20:24:55.940,2,false,0.447165,-0.304199,0.587402,0.602051,0.887709,-0.44654,-0.126345,-0.046064,0.001799,0.055357
1722050695.9721,2024-07-26 20:24:55.972,3,false,0.447289,-0.30426,0.587463,0.601868,0.891615,-0.433845,-0.125856,-0.046072,0.001729,0.055315
1722050696.0034,2024-07-26 20:24:56.003,4,false,0.447291,-0.30426,0.587524,0.601807,0.888197,-0.42652,-0.123903,-0.045957,0.001666,0.055313
1722050696.0346,2024-07-26 20:24:56.034,5,false,0.447252,-0.304321,0.587585,0.601746,0.888197,-0.42652,-0.123903,-0.045854,0.001609,0.055312
1722050696.0659,2024-07-26 20:24:56.065,6,false,0.447007,-0.304321,0.587646,0.601868,0.888197,-0.42652,-0.123903,-0.04576,0.001558,0.05531
1722050696.0971,2024-07-26 20:24:56.097,7,false,0.446888,-0.30426,0.587769,0.601868,0.886244,-0.43238,-0.128786,-0.045726,0.0015,0.055358
1722050696.1284,2024-07-26 20:24:56.128,8,false,0.447055,-0.30426,0.58783,0.601685,0.887221,-0.430426,-0.114137,-0.045743,0.001496,0.055315
1722050696.1596,2024-07-26 20:24:56.159,9,false,0.447138,-0.304138,0.58783,0.601685,0.887221,-0.430426,-0.114137,-0.045649,0.001505,0.055265
1722050696.1909,2024-07-26 20:24:56.190,10,false,0.447215,-0.30426,0.587708,0.601685,0.892103,-0.421637,-0.121462,-0.045552,0.001587,0.055354
1722050696.2221,2024-07-26 20:24:56.222,11,false,0.447295,-0.30426,0.587646,0.601685,0.879896,-0.434333,-0.123903,-0.045684,0.001636,0.055434
1722050696.2534,2024-07-26 20:24:56.253,12,false,0.447377,-0.30426,0.587646,0.601624,0.879896,-0.434333,-0.123903,-0.045803,0.00168,0.055506
1722050696.2846,2024-07-26 20:24:56.284,13,false,0.447379,-0.30426,0.587708,0.601563,0.89015,-0.43238,-0.122438,-0.045874,0.00178,0.05557
1722050696.3159,2024-07-26 20:24:56.315,14,false,0.447546,-0.304138,0.587769,0.60144,0.887221,-0.436286,-0.12195,-0.045876,0.001773,0.055543
1722050696.3471,2024-07-26 20:24:56.347,15,false,0.44738,-0.304138,0.587708,0.601624,0.887221,-0.436286,-0.12195,-0.045879,0.001828,0.055519
1722050696.3784,2024-07-26 20:24:56.378,16,false,0.447259,-0.304077,0.587769,0.601685,0.882826,-0.430915,-0.128786,-0.045868,0.001865,0.055448
1722050696.4096,2024-07-26 20:24:56.409,17,false,0.447221,-0.303894,0.58783,0.601746,0.883803,-0.42945,-0.124392,-0.045835,0.001788,0.055457
1722050696.4409,2024-07-26 20:24:56.440,18,false,0.44738,-0.304138,0.587708,0.601624,0.89015,-0.43238,-0.122438,-0.045793,0.001805,0.05549
1722050696.4721,2024-07-26 20:24:56.472,19,false,0.447182,-0.303955,0.587891,0.601685,0.89015,-0.420172,-0.131228,-0.045754,0.001819,0.05552
1722050696.5034,2024-07-26 20:24:56.503,20,false,0.447223,-0.303894,0.587891,0.601685,0.873549,-0.439704,-0.122438,-0.045793,0.001869,0.055437
1722050696.5346,2024-07-26 20:24:56.534,21,false,0.447224,-0.303772,0.587891,0.601746,0.883803,-0.440192,-0.123415,-0.045804,0.002036,0.055509
1722050696.5659,2024-07-26 20:24:56.565,22,false,0.447263,-0.303833,0.58783,0.601746,0.883803,-0.440192,-0.123415,-0.045813,0.002187,0.055573
1722050696.5971,2024-07-26 20:24:56.597,23,false,0.447226,-0.303772,0.587952,0.601685,0.888685,-0.423102,-0.125856,-0.045846,0.002237,0.055546
1722050696.6284,2024-07-26 20:24:56.628,24,false,0.447348,-0.303955,0.587952,0.601501,0.886244,-0.441657,-0.125856,-0.045791,0.002245,0.05546
1722050696.6596,2024-07-26 20:24:56.659,25,false,0.447631,-0.304016,0.58783,0.601379,0.886244,-0.441657,-0.125856,-0.045789,0.002277,0.055493
1722050696.6909,2024-07-26 20:24:56.690,26,false,0.447912,-0.304321,0.587708,0.601135,0.892592,-0.433356,-0.122438,-0.0458,0.002196,0.055534
1722050696.7221,2024-07-26 20:24:56.722,27,false,0.448037,-0.30426,0.587769,0.601013,0.886244,-0.423102,-0.122438,-0.045822,0.00211,0.055462
1722050696.7534,2024-07-26 20:24:56.753,28,false,0.448236,-0.304443,0.587646,0.600891,0.886244,-0.423102,-0.122438,-0.045842,0.002034,0.055397
1722050696.7846,2024-07-26 20:24:56.784,29,false,0.448315,-0.304565,0.587585,0.60083,0.895521,-0.434333,-0.117556,-0.045811,0.002001,0.055448
1722050696.8159,2024-07-26 20:24:56.815,30,false,0.44794,-0.304871,0.587463,0.601074,0.894057,-0.419684,-0.122438,-0.04582,0.001972,0.055433
1722050696.8471,2024-07-26 20:24:56.847,31,false,0.447857,-0.304993,0.587463,0.601074,0.881849,-0.425055,-0.120485,-0.045791,0.001982,0.05542
1722050696.8784,2024-07-26 20:24:56.878,0,false,0.447819,-0.304932,0.587524,0.601074,0.889662,-0.43238,-0.119997,-0.045802,0.001955,0.055371
1722050696.9096,2024-07-26 20:24:56.909,1,false,0.447779,-0.304993,0.587585,0.601013,0.89601,-0.424567,-0.128786,-0.045763,0.001894,0.055351
1722050696.9409,2024-07-26 20:24:56.940,2,false,0.447945,-0.304993,0.587646,0.60083,0.89601,-0.424567,-0.128786,-0.045728,0.001839,0.055334
1722050696.9721,2024-07-26 20:24:56.972,3,false,0.447906,-0.304932,0.587708,0.60083,0.880873,-0.436286,-0.125368,-0.045733,0.001911,0.055318
1722050697.0034,2024-07-26 20:24:57.003,4,false,0.448026,-0.304993,0.587646,0.600769,0.881361,-0.42652,-0.111696,-0.045774,0.001769,0.055255
1722050697.0346,2024-07-26 20:24:57.034,5,false,0.447942,-0.305237,0.587646,0.600708,0.881361,-0.42652,-0.111696,-0.04575,0.001824,0.055345
1722050697.0659,2024-07-26 20:24:57.065,6,false,0.448184,-0.305359,0.587585,0.600525,0.885267,-0.430426,-0.115114,-0.045752,0.001898,0.055414
1722050697.0971,2024-07-26 20:24:57.097,7,false,0.448178,-0.305725,0.587524,0.600403,0.885756,-0.435309,-0.123903,-0.045816,0.001903,0.055475
1722050697.1284,2024-07-26 20:24:57.128,8,false,0.448338,-0.305847,0.587463,0.600281,0.885756,-0.435309,-0.123903,-0.045873,0.001908,0.055531
1722050697.1596,2024-07-26 20:24:57.159,9,false,0.448298,-0.305908,0.587524,0.60022,0.906264,-0.421149,-0.120974,-0.04579,0.001937,0.05552
1722050697.1909,2024-07-26 20:24:57.190,10,false,0.448178,-0.305969,0.587646,0.600159,0.884779,-0.438239,-0.126345,-0.045813,0.002,0.055449
1722050697.2221,2024-07-26 20:24:57.222,11,false,0.448338,-0.305847,0.587463,0.600281,0.885267,-0.430426,-0.115114,-0.045932,0.001995,0.055483
1722050697.2534,2024-07-26 20:24:57.253,12,false,0.448173,-0.306091,0.587524,0.60022,0.892592,-0.42359,-0.121462,-0.046038,0.001991,0.055513
1722050697.2846,2024-07-26 20:24:57.284,13,false,0.448255,-0.306091,0.587524,0.600159,0.887709,-0.430426,-0.136599,-0.046073,0.002012,0.055541
1722050697.3159,2024-07-26 20:24:57.315,14,false,0.448214,-0.306152,0.587524,0.600159,0.888197,-0.437751,-0.111696,-0.046105,0.002128,0.055675
1722050697.3471,2024-07-26 20:24:57.347,15,false,0.448137,-0.30603,0.587646,0.600159,0.888197,-0.437751,-0.111696,-0.046109,0.002086,0.055637
1722050697.3784,2024-07-26 20:24:57.378,16,false,0.447937,-0.305969,0.587769,0.60022,0.882338,-0.433845,-0.109743,-0.046051,0.00217,0.055604
1722050697.4096,2024-07-26 20:24:57.409,17,false,0.447978,-0.305908,0.587769,0.60022,0.889174,-0.433845,-0.11902,-0.046024,0.002112,0.055585
1722050697.4409,2024-07-26 20:24:57.440,18,false,0.448095,-0.305969,0.587585,0.600281,0.889174,-0.433845,-0.11902,-0.046084,0.002182,0.055605
1722050697.4721,2024-07-26 20:24:57.472,19,false,0.448092,-0.306091,0.587524,0.600281,0.883314,-0.421149,-0.122927,-0.046029,0.002256,0.055636
1722050697.5034,2024-07-26 20:24:57.503,20,false,0.448137,-0.30603,0.587646,0.600159,0.886732,-0.41236,-0.12781,-0.045906,0.002312,0.055651
1722050697.5346,2024-07-26 20:24:57.534,21,false,0.448177,-0.306091,0.587646,0.600098,0.886732,-0.41236,-0.12781,-0.045796,0.002361,0.055665
1722050697.5659,2024-07-26 20:24:57.565,22,false,0.448053,-0.306152,0.587646,0.600159,0.886732,-0.41236,-0.12781,-0.045806,0.002357,0.055628
1722050697.5971,2024-07-26 20:24:57.597,23,false,0.447888,-0.306152,0.587585,0.600342,0.895521,-0.425055,-0.125368,-0.045754,0.002329,0.055595
1722050697.6284,2024-07-26 20:24:57.628,24,false,0.447927,-0.306213,0.587524,0.600342,0.889662,-0.427008,-0.131228,-0.045757,0.00223,0.055578
1722050697.6596,2024-07-26 20:24:57.659,25,false,0.44801,-0.306213,0.587585,0.60022,0.889662,-0.427008,-0.131228,-0.045759,0.002141,0.055562
1722050697.6909,2024-07-26 20:24:57.690,26,false,0.448008,-0.306213,0.587524,0.600281,0.888197,-0.422126,-0.126345,-0.045736,0.00222,0.055621
1722050697.7221,2024-07-26 20:24:57.722,27,false,0.448047,-0.306274,0.587463,0.600281,0.875502,-0.427008,-0.120485,-0.045777,0.002145,0.055674
1722050697.7534,2024-07-26 20:24:57.753,28,false,0.448085,-0.306335,0.587402,0.600281,0.875502,-0.427008,-0.120485,-0.045813,0.002077,0.055722
1722050697.7846,2024-07-26 20:24:57.784,29,false,0.448283,-0.306519,0.58728,0.600159,0.889174,-0.419196,-0.130739,-0.045761,0.002016,0.055765
1722050697.8159,2024-07-26 20:24:57.815,30,false,0.44836,-0.306641,0.587158,0.600159,0.891127,-0.427008,-0.122927,-0.045848,0.001973,0.055706
1722050697.8471,2024-07-26 20:24:57.847,31,false,0.448481,-0.30658,0.587097,0.600159,0.891127,-0.427008,-0.122927,-0.045926,0.001934,0.055653
1722050697.8784,2024-07-26 20:24:57.878,0,false,0.448403,-0.306458,0.587158,0.60022,0.895033,-0.425544,-0.137087,-0.045973,0.002021,0.055606
1722050697.9096,2024-07-26 20:24:57.909,1,false,0.448447,-0.306396,0.587219,0.600159,0.884291,-0.413336,-0.117067,-0.045843,0.002051,0.055514
1722050697.9409,2024-07-26 20:24:57.940,2,false,0.448325,-0.306458,0.58728,0.600159,0.884291,-0.413336,-0.117067,-0.0458,0.002102,0.05548
1722050697.9721,2024-07-26 20:24:57.972,3,false,0.448365,-0.306396,0.587219,0.60022,0.894057,-0.432868,-0.120974,-0.045749,0.002039,0.055425
1722050698.0034,2024-07-26 20:24:58.003,4,false,0.448447,-0.306396,0.587219,0.600159,0.894057,-0.432868,-0.120974,-0.045788,0.001945,0.055376
1722050698.0346,2024-07-26 20:24:58.034,5,false,0.448203,-0.306396,0.58728,0.600281,0.884779,-0.429938,-0.133181,-0.045714,0.00197,0.055417
1722050698.0659,2024-07-26 20:24:58.065,6,false,0.448127,-0.306274,0.587402,0.600281,0.887221,-0.42652,-0.117556,-0.04572,0.002029,0.055454
1722050698.0971,2024-07-26 20:24:58.097,7,false,0.448008,-0.306091,0.587463,0.600403,0.887221,-0.42652,-0.117556,-0.045726,0.002083,0.055488
1722050698.1284,2024-07-26 20:24:58.128,8,false,0.447968,-0.30603,0.587463,0.600464,0.885756,-0.430426,-0.12195,-0.045621,0.002106,0.055408
1722050698.1596,2024-07-26 20:24:58.159,9,false,0.44805,-0.30603,0.587463,0.600403,0.884291,-0.42945,-0.121462,-0.045527,0.002103,0.05536
1722050698.1909,2024-07-26 20:24:58.190,10,false,0.448127,-0.306152,0.587341,0.600403,0.884291,-0.42945,-0.121462,-0.045442,0.0021,0.055317
1722050698.2221,2024-07-26 20:24:58.222,11,false,0.448123,-0.306152,0.587219,0.600525,0.894545,-0.445075,-0.120485,-0.045402,0.00211,0.055242
1722050698.2534,2024-07-26 20:24:58.253,12,false,0.448205,-0.306152,0.587219,0.600464,0.888685,-0.419196,-0.128298,-0.045452,0.002046,0.055126
1722050698.2846,2024-07-26 20:24:58.284,13,false,0.448243,-0.306335,0.587219,0.600342,0.888685,-0.419196,-0.128298,-0.045497,0.001988,0.055021
1722050698.3159,2024-07-26 20:24:58.315,14,false,0.448365,-0.306396,0.587219,0.60022,0.883803,-0.424079,-0.119509,-0.045549,0.001984,0.054976
1722050698.3471,2024-07-26 20:24:58.347,15,false,0.448131,-0.305908,0.587402,0.600464,0.891615,-0.422614,-0.114626,-0.045486,0.002079,0.054947
1722050698.3784,2024-07-26 20:24:58.378,16,false,0.447929,-0.305847,0.587463,0.600586,0.891615,-0.417243,-0.130739,-0.045552,0.002103,0.055006
1722050698.4096,2024-07-26 20:24:58.409,17,false,0.447891,-0.305786,0.587524,0.600586,0.886732,-0.430426,-0.136599,-0.045709,0.002124,0.055097
1722050698.4409,2024-07-26 20:24:58.440,18,false,0.447811,-0.305664,0.587524,0.600708,0.888197,-0.43238,-0.125856,-0.045716,0.00229,0.05519
1722050698.4721,2024-07-26 20:24:58.472,19,false,0.44773,-0.305542,0.587524,0.60083,0.888197,-0.43238,-0.125856,-0.045722,0.00244,0.055274
1722050698.5034,2024-07-26 20:24:58.503,20,false,0.447771,-0.305359,0.587463,0.600952,0.892103,-0.444099,-0.127321,-0.045703,0.002281,0.055155
1722050698.5346,2024-07-26 20:24:58.534,21,false,0.447775,-0.305237,0.587524,0.600952,0.89601,-0.42945,-0.117067,-0.04571,0.002212,0.05512
1722050698.5659,2024-07-26 20:24:58.565,22,false,0.447734,-0.305176,0.587524,0.601013,0.89601,-0.42945,-0.117067,-0.045754,0.002162,0.055053
1722050698.5971,2024-07-26 20:24:58.597,23,false,0.447816,-0.305176,0.587524,0.600952,0.89308,-0.427008,-0.123903,-0.045768,0.002116,0.055138
1722050698.6284,2024-07-26 20:24:58.628,24,false,0.447856,-0.305237,0.587524,0.600891,0.884291,-0.433845,-0.116091,-0.045745,0.002173,0.055118
1722050698.6596,2024-07-26 20:24:58.659,25,false,0.44786,-0.305115,0.587585,0.600891,0.884291,-0.433845,-0.116091,-0.045724,0.002224,0.055099
1722050698.6909,2024-07-26 20:24:58.690,26,false,0.44794,-0.305115,0.587524,0.600891,0.885756,-0.426032,-0.133181,-0.04568,0.00221,0.055058
1722050698.7221,2024-07-26 20:24:58.722,27,false,0.4481,-0.305237,0.587463,0.600769,0.903334,-0.433356,-0.119997,-0.045751,0.00233,0.05507
1722050698.7534,2024-07-26 20:24:58.753,28,false,0.44786,-0.305115,0.587585,0.600891,0.89308,-0.427008,-0.123903,-0.045778,0.002293,0.055105
1722050698.7846,2024-07-26 20:24:58.784,29,false,0.4481,-0.305115,0.587402,0.600891,0.885756,-0.440192,-0.130739,-0.045839,0.002222,0.055173
1722050698.8159,2024-07-26 20:24:58.815,30,false,0.4481,-0.305115,0.587402,0.600891,0.892103,-0.422126,-0.118044,-0.045857,0.002195,0.055198
1722050698.8471,2024-07-26 20:24:58.847,31,false,0.448062,-0.304932,0.587463,0.600952,0.89308,-0.426032,-0.123903,-0.045666,0.002305,0.055232
1722050698.8784,2024-07-26 20:24:58.878,0,false,0.448025,-0.304749,0.587524,0.601013,0.89308,-0.426032,-0.123903,-0.045494,0.002404,0.055263
1722050698.9096,2024-07-26 20:24:58.909,1,false,0.448025,-0.304749,0.587524,0.601013,0.899916,-0.442145,-0.131228,-0.045657,0.002335,0.055328
1722050698.9409,2024-07-26 20:24:58.940,2,false,0.448146,-0.30481,0.587463,0.600952,0.897963,-0.429938,-0.123415,-0.045669,0.002358,0.055337
1722050698.9721,2024-07-26 20:24:58.972,3,false,0.448184,-0.304871,0.587402,0.600952,0.897963,-0.429938,-0.123415,-0.045606,0.002256,0.055382
1722050699.0034,2024-07-26 20:24:59.003,4,false,0.448266,-0.304871,0.587402,0.600891,0.89308,-0.439216,-0.111696,-0.045574,0.002238,0.055459
1722050699.0346,2024-07-26 20:24:59.034,5,false,0.448227,-0.30481,0.587463,0.600891,0.887709,-0.427008,-0.121462,-0.045558,0.00221,0.055394
1722050699.0659,2024-07-26 20:24:59.065,6,false,0.448189,-0.304749,0.587524,0.600891,0.887709,-0.427008,-0.121462,-0.045543,0.002184,0.055336
1722050699.0971,2024-07-26 20:24:59.097,7,false,0.448144,-0.30481,0.587402,0.601013,0.887709,-0.428962,-0.120485,-0.045542,0.002197,0.055332
1722050699.1284,2024-07-26 20:24:59.128,8,false,0.447821,-0.304688,0.587524,0.601196,0.884779,-0.423102,-0.12195,-0.045493,0.002112,0.055219
1722050699.1596,2024-07-26 20:24:59.159,9,false,0.447904,-0.304565,0.587524,0.601196,0.880873,-0.430915,-0.129763,-0.045497,0.002169,0.055288
1722050699.1909,2024-07-26 20:24:59.190,10,false,0.447865,-0.304504,0.587585,0.601196,0.886732,-0.434821,-0.123903,-0.045537,0.002062,0.055289
1722050699.2221,2024-07-26 20:24:59.222,11,false,0.447946,-0.304626,0.587585,0.601074,0.889174,-0.424567,-0.12488,-0.045646,0.002076,0.055302
1722050699.2534,2024-07-26 20:24:59.253,12,false,0.447985,-0.304688,0.587524,0.601074,0.889174,-0.424567,-0.12488,-0.045745,0.002088,0.055314
1722050699.2846,2024-07-26 20:24:59.284,13,false,0.447984,-0.30481,0.587524,0.601013,0.89308,-0.42945,-0.12781,-0.045711,0.002136,0.055239
1722050699.3159,2024-07-26 20:24:59.315,14,false,0.448106,-0.304626,0.587463,0.601074,0.884779,-0.43238,-0.131228,-0.045755,0.002191,0.055209
1722050699.3471,2024-07-26 20:24:59.347,15,false,0.448474,-0.304443,0.587402,0.600952,0.884779,-0.43238,-0.131228,-0.045793,0.00224,0.055181
1722050699.3784,2024-07-26 20:24:59.378,16,false,0.448636,-0.304443,0.587341,0.600891,0.891615,-0.425055,-0.121462,-0.045743,0.002248,0.055156
1722050699.4096,2024-07-26 20:24:59.409,17,false,0.448598,-0.304382,0.587402,0.600891,0.881361,-0.432868,-0.125856,-0.045832,0.002157,0.055183
1722050699.4409,2024-07-26 20:24:59.440,18,false,0.448556,-0.304443,0.587402,0.600891,0.881361,-0.432868,-0.125856,-0.0459,0.002088,0.055316
1722050699.4721,2024-07-26 20:24:59.472,19,false,0.448517,-0.304382,0.587463,0.600891,0.898451,-0.436286,-0.12195,-0.045863,0.002087,0.055315
1722050699.5034,2024-07-26 20:24:59.503,20,false,0.448479,-0.304321,0.587524,0.600891,0.900893,-0.43238,-0.12195,-0.045879,0.002074,0.055301
1722050699.5346,2024-07-26 20:24:59.534,21,false,0.448556,-0.304443,0.587402,0.600891,0.891615,-0.425055,-0.121462,-0.045954,0.002123,0.055227
1722050699.5659,2024-07-26 20:24:59.565,22,false,0.448359,-0.30426,0.587585,0.600952,0.891615,-0.431891,-0.119997,-0.046022,0.002167,0.055161
1722050699.5971,2024-07-26 20:24:59.597,23,false,0.448155,-0.304321,0.587646,0.601013,0.881361,-0.437263,-0.12781,-0.04601,0.002096,0.055175
1722050699.6284,2024-07-26 20:24:59.628,24,false,0.448155,-0.304321,0.587646,0.601013,0.877455,-0.441657,-0.119997,-0.046023,0.002033,0.055212
1722050699.6596,2024-07-26 20:24:59.659,25,false,0.448195,-0.30426,0.587585,0.601074,0.877455,-0.441657,-0.119997,-0.046023,0.002025,0.055233
1722050699.6909,2024-07-26 20:24:59.690,26,false,0.44828,-0.304138,0.587646,0.601013,0.885267,-0.435309,-0.13611,-0.04601,0.00203,0.055264
1722050699.7221,2024-07-26 20:24:59.722,27,false,0.44828,-0.304138,0.587646,0.601013,0.884779,-0.416754,-0.131228,-0.045963,0.002181,0.055353
1722050699.7534,2024-07-26 20:24:59.753,28,false,0.4484,-0.304199,0.587585,0.600952,0.884779,-0.416754,-0.131228,-0.04592,0.002317,0.055433
1722050699.7846,2024-07-26 20:24:59.784,29,false,0.448565,-0.304077,0.587585,0.600891,0.878431,-0.427008,-0.118532,-0.045808,0.002342,0.055407
1722050699.8159,2024-07-26 20:24:59.815,30,false,0.448607,-0.304138,0.587646,0.600769,0.891127,-0.410895,-0.135622,-0.045805,0.002303,0.055323
1722050699.8471,2024-07-26 20:24:59.847,31,false,0.448484,-0.304321,0.587708,0.600708,0.891127,-0.410895,-0.135622,-0.045826,0.00239,0.055333
1722050699.8784,2024-07-26 20:24:59.878,0,false,0.448522,-0.30426,0.587585,0.60083,0.886244,-0.417731,-0.132204,-0.045773,0.002359,0.055354
1722050699.9096,2024-07-26 20:24:59.909,1,false,0.448122,-0.304016,0.58783,0.601013,0.875013,-0.435309,-0.131228,-0.045785,0.00233,0.055263
1722050699.9409,2024-07-26 20:24:59.940,2,false,0.448166,-0.303955,0.587891,0.600952,0.882826,-0.435798,-0.128786,-0.045711,0.002256,0.055364
1722050699.9721,2024-07-26 20:24:59.972,3,false,0.448082,-0.303955,0.58783,0.601074,0.889174,-0.440681,-0.132204,-0.045669,0.002323,0.055321
1722050700.0034,2024-07-26 20:25:00.003,4,false,0.448244,-0.303955,0.587769,0.601013,0.884779,-0.435309,-0.12488,-0.045643,0.002347,0.055306
1722050700.0346,2024-07-26 20:25:00.034,5,false,0.448162,-0.303955,0.587769,0.601074,0.884779,-0.435309,-0.12488,-0.045632,0.002283,0.055306
1722050700.0659,2024-07-26 20:25:00.065,6,false,0.448363,-0.304016,0.587646,0.601013,0.89015,-0.432868,-0.130739,-0.045781,0.002226,0.055244
1722050700.0971,2024-07-26 20:25:00.097,7,false,0.448445,-0.303894,0.587646,0.601013,0.886244,-0.434821,-0.123415,-0.045781,0.002284,0.055262
1722050700.1284,2024-07-26 20:25:00.128,8,false,0.448324,-0.303955,0.587708,0.601013,0.886244,-0.434821,-0.123415,-0.04578,0.002337,0.055278
1722050700.1596,2024-07-26 20:25:00.159,9,false,0.448161,-0.303833,0.587708,0.601196,0.887221,-0.432868,-0.125368,-0.045731,0.002457,0.055365
1722050700.1909,2024-07-26 20:25:00.190,10,false,0.448243,-0.303833,0.587708,0.601135,0.892592,-0.433845,-0.113649,-0.045687,0.00248,0.055358
1722050700.2221,2024-07-26 20:25:00.222,11,false,0.448038,-0.303894,0.587708,0.601257,0.892592,-0.433845,-0.113649,-0.045708,0.002561,0.055414
1722050700.2534,2024-07-26 20:25:00.253,12,false,0.447995,-0.303955,0.587646,0.601318,0.864271,-0.435798,-0.129274,-0.045678,0.002464,0.055414
1722050700.2846,2024-07-26 20:25:00.284,13,false,0.448243,-0.303833,0.587708,0.601135,0.864271,-0.435798,-0.129274,-0.045761,0.002364,0.055427
1722050700.3159,2024-07-26 20:25:00.315,14,false,0.448113,-0.304016,0.587524,0.601318,0.886732,-0.428962,-0.120485,-0.0458,0.002213,0.0555
1722050700.3471,2024-07-26 20:25:00.347,15,false,0.448029,-0.304016,0.587463,0.60144,0.883803,-0.432868,-0.134157,-0.045724,0.002187,0.055406
1722050700.3784,2024-07-26 20:25:00.378,16,false,0.447949,-0.304016,0.587524,0.60144,0.883803,-0.432868,-0.134157,-0.045766,0.002078,0.055457
1722050700.4096,2024-07-26 20:25:00.409,17,false,0.447951,-0.304016,0.587585,0.601379,0.882826,-0.431403,-0.121462,-0.045828,0.00209,0.055453
1722050700.4409,2024-07-26 20:25:00.440,18,false,0.447992,-0.304077,0.587585,0.601318,0.889662,-0.426032,-0.133181,-0.045725,0.00204,0.055389
1722050700.4721,2024-07-26 20:25:00.472,19,false,0.448236,-0.304077,0.587524,0.601196,0.889662,-0.426032,-0.133181,-0.045633,0.001995,0.055331
1722050700.5034,2024-07-26 20:25:00.503,20,false,0.448436,-0.304138,0.587402,0.601135,0.883314,-0.439216,-0.121462,-0.045684,0.002003,0.055242
1722050700.5346,2024-07-26 20:25:00.534,21,false,0.448556,-0.304199,0.587341,0.601074,0.893568,-0.424567,-0.131228,-0.045803,0.00201,0.055272
1722050700.5659,2024-07-26 20:25:00.565,22,false,0.448558,-0.304199,0.587402,0.601013,0.893568,-0.424567,-0.131228,-0.045813,0.001955,0.055299
1722050700.5971,2024-07-26 20:25:00.597,23,false,0.448557,-0.304321,0.587402,0.600952,0.887709,-0.42652,-0.136599,-0.045809,0.001796,0.055287
1722050700.6284,2024-07-26 20:25:00.628,24,false,0.448434,-0.304382,0.587402,0.601013,0.883803,-0.442634,-0.128298,-0.045733,0.001812,0.055215
1722050700.6596,2024-07-26 20:25:00.659,25,false,0.44799,-0.304565,0.587646,0.601013,0.883803,-0.442634,-0.128298,-0.045664,0.001826,0.05515
1722050700.6909,2024-07-26 20:25:00.690,26,false,0.44811,-0.304626,0.587585,0.600952,0.883803,-0.442634,-0.128298,-0.045602,0.001839,0.055092
1722050700.7221,2024-07-26 20:25:00.722,27,false,0.44823,-0.304688,0.587524,0.600891,0.886732,-0.424567,-0.126833,-0.045534,0.001948,0.055137
1722050700.7534,2024-07-26 20:25:00.753,28,false,0.44835,-0.304626,0.587402,0.600952,0.892103,-0.417731,-0.12488,-0.045558,0.002034,0.055348
1722050700.7846,2024-07-26 20:25:00.784,29,false,0.448309,-0.304688,0.587402,0.600952,0.892103,-0.417731,-0.12488,-0.04558,0.002111,0.055539
1722050700.8159,2024-07-26 20:25:00.815,30,false,0.448346,-0.304626,0.58728,0.601074,0.879408,-0.430426,-0.126833,-0.045551,0.002169,0.055637
1722050700.8471,2024-07-26 20:25:00.847,31,false,0.448346,-0.304626,0.58728,0.601074,0.885267,-0.423102,-0.121462,-0.045476,0.002172,0.055469
1722050700.8784,2024-07-26 20:25:00.878,0,false,0.448426,-0.304626,0.587219,0.601074,0.885267,-0.423102,-0.121462,-0.045408,0.002174,0.055317
1722050700.9096,2024-07-26 20:25:00.909,1,false,0.448589,-0.304749,0.587219,0.600891,0.882338,-0.419196,-0.122438,-0.045409,0.002176,0.055364
1722050700.9409,2024-07-26 20:25:00.940,2,false,0.448548,-0.304688,0.587219,0.600952,0.887221,-0.441657,-0.125856,-0.045372,0.002276,0.055224
1722050700.9721,2024-07-26 20:25:00.972,3,false,0.448549,-0.30481,0.58728,0.60083,0.887221,-0.441657,-0.125856,-0.04534,0.002366,0.055097
1722050701.0034,2024-07-26 20:25:01.003,4,false,0.448423,-0.304993,0.587219,0.600891,0.887709,-0.421149,-0.125856,-0.045493,0.002337,0.055032
1722050701.0346,2024-07-26 20:25:01.034,5,false,0.448546,-0.304932,0.587219,0.60083,0.891615,-0.414801,-0.129274,-0.045534,0.002335,0.055022
1722050701.0659,2024-07-26 20:25:01.065,6,false,0.448549,-0.30481,0.58728,0.60083,0.882338,-0.419196,-0.122438,-0.04557,0.002248,0.055074
1722050701.0971,2024-07-26 20:25:01.097,7,false,0.448464,-0.304932,0.587219,0.600891,0.884779,-0.428962,-0.115114,-0.045603,0.00217,0.055121
1722050701.1284,2024-07-26 20:25:01.128,8,false,0.448466,-0.304932,0.58728,0.60083,0.884779,-0.417243,-0.133669,-0.045511,0.002221,0.055163
1722050701.1596,2024-07-26 20:25:01.159,9,false,0.448307,-0.305054,0.587463,0.600708,0.892103,-0.424079,-0.134157,-0.04555,0.00217,0.055262
1722050701.1909,2024-07-26 20:25:01.190,10,false,0.448305,-0.305176,0.587463,0.600647,0.892103,-0.424079,-0.134157,-0.045548,0.002161,0.055327
1722050701.2221,2024-07-26 20:25:01.222,11,false,0.448261,-0.305359,0.587402,0.600647,0.891127,-0.427985,-0.119509,-0.045534,0.002225,0.055397
1722050701.2534,2024-07-26 20:25:01.253,12,false,0.448258,-0.305481,0.587341,0.600647,0.882826,-0.41529,-0.126833,-0.045473,0.002332,0.055351
1722050701.2846,2024-07-26 20:25:01.284,13,false,0.448258,-0.305481,0.587341,0.600647,0.882826,-0.41529,-0.126833,-0.045418,0.002429,0.055309
1722050701.3159,2024-07-26 20:25:01.315,14,false,0.448219,-0.305542,0.587463,0.600525,0.885756,-0.430426,-0.120974,-0.045429,0.002418,0.055369
1722050701.3471,2024-07-26 20:25:01.347,15,false,0.448176,-0.305725,0.587463,0.600464,0.89601,-0.422614,-0.118532,-0.04544,0.002408,0.055325
1722050701.3784,2024-07-26 20:25:01.378,16,false,0.448095,-0.305725,0.587463,0.600525,0.89601,-0.422614,-0.118532,-0.045498,0.002265,0.055396
1722050701.4096,2024-07-26 20:25:01.409,17,false,0.447851,-0.305725,0.587524,0.600647,0.890639,-0.422614,-0.117556,-0.04555,0.002319,0.055484
1722050701.4409,2024-07-26 20:25:01.440,18,false,0.447848,-0.305847,0.587463,0.600647,0.883314,-0.436774,-0.131228,-0.045549,0.002295,0.05549
1722050701.4721,2024-07-26 20:25:01.472,19,false,0.447804,-0.305786,0.587341,0.60083,0.889662,-0.440192,-0.122438,-0.045706,0.002236,0.055471
1722050701.5034,2024-07-26 20:25:01.503,20,false,0.44784,-0.305847,0.587219,0.600891,0.892592,-0.42359,-0.12195,-0.045676,0.002171,0.055551
1722050701.5346,2024-07-26 20:25:01.534,21,false,0.447757,-0.305847,0.587158,0.601013,0.884779,-0.42652,-0.12488,-0.045723,0.002125,0.055587
1722050701.5659,2024-07-26 20:25:01.565,22,false,0.447877,-0.305908,0.587097,0.600952,0.884779,-0.42652,-0.12488,-0.045741,0.001998,0.055582
1722050701.5971,2024-07-26 20:25:01.597,23,false,0.447877,-0.305908,0.587097,0.600952,0.887709,-0.418708,-0.115114,-0.045805,0.002018,0.055688
1722050701.6284,2024-07-26 20:25:01.628,24,false,0.448039,-0.305908,0.587036,0.600891,0.895033,-0.437751,-0.129763,-0.045802,0.002133,0.055723
1722050701.6596,2024-07-26 20:25:01.659,25,false,0.447797,-0.305908,0.587158,0.600952,0.895033,-0.437751,-0.129763,-0.0458,0.002238,0.055753
1722050701.6909,2024-07-26 20:25:01.690,26,false,0.447837,-0.305847,0.587097,0.601013,0.891127,-0.420661,-0.127321,-0.045822,0.002209,0.05572
1722050701.7221,2024-07-26 20:25:01.722,27,false,0.447793,-0.30603,0.587097,0.600952,0.886732,-0.431403,-0.123415,-0.045769,0.002196,0.055641
1722050701.7534,2024-07-26 20:25:01.753,28,false,0.447711,-0.30603,0.587097,0.601013,0.886732,-0.431403,-0.123415,-0.045721,0.002184,0.055571
1722050701.7846,2024-07-26 20:25:01.784,29,false,0.447753,-0.305969,0.587097,0.601013,0.884779,-0.427008,-0.12195,-0.045702,0.002136,0.055604
1722050701.8159,2024-07-26 20:25:01.815,30,false,0.447793,-0.30603,0.587097,0.600952,0.884779,-0.427008,-0.12195,-0.045685,0.002093,0.055635
1722050701.8471,2024-07-26 20:25:01.847,31,false,0.447634,-0.305786,0.587158,0.601135,0.889662,-0.422614,-0.123903,-0.04578,0.002226,0.055613
1722050701.8784,2024-07-26 20:25:01.878,0,false,0.447591,-0.305847,0.587097,0.601196,0.884291,-0.42652,-0.124392,-0.045804,0.002138,0.05557
1722050701.9096,2024-07-26 20:25:01.909,1,false,0.447554,-0.305786,0.587219,0.601135,0.884291,-0.42652,-0.124392,-0.045777,0.002095,0.055506
1722050701.9409,2024-07-26 20:25:01.940,2,false,0.447755,-0.305847,0.587097,0.601074,0.887221,-0.419684,-0.131716,-0.045801,0.002044,0.055412
1722050701.9721,2024-07-26 20:25:01.972,3,false,0.447838,-0.305725,0.587097,0.601074,0.890639,-0.427985,-0.130739,-0.045774,0.002072,0.055401
1722050702.0034,2024-07-26 20:25:02.003,4,false,0.447791,-0.305908,0.586975,0.601135,0.890639,-0.427985,-0.130739,-0.045726,0.002133,0.055329
1722050702.0346,2024-07-26 20:25:02.034,5,false,0.44792,-0.305847,0.587158,0.600891,0.890639,-0.431891,-0.121462,-0.045731,0.0022,0.055424
1722050702.0659,2024-07-26 20:25:02.065,6,false,0.447962,-0.305786,0.587158,0.600891,0.891615,-0.415778,-0.123903,-0.045626,0.002249,0.055436
1722050702.0971,2024-07-26 20:25:02.097,7,false,0.447882,-0.305786,0.587219,0.600891,0.891615,-0.415778,-0.123903,-0.045653,0.002256,0.055422
1722050702.1284,2024-07-26 20:25:02.128,8,false,0.448,-0.305847,0.587097,0.600891,0.89601,-0.427008,-0.131716,-0.045556,0.002323,0.055471
1722050702.1596,2024-07-26 20:25:02.159,9,false,0.44792,-0.305725,0.587097,0.601013,0.899428,-0.441657,-0.117556,-0.045663,0.002372,0.05538
1722050702.1909,2024-07-26 20:25:02.190,10,false,0.447637,-0.305542,0.587158,0.601257,0.899428,-0.441657,-0.117556,-0.04576,0.002415,0.055299
1722050702.2221,2024-07-26 20:25:02.222,11,false,0.447681,-0.305481,0.587219,0.601196,0.899428,-0.441657,-0.117556,-0.045847,0.002455,0.055226
1722050702.2534,2024-07-26 20:25:02.253,12,false,0.447759,-0.305481,0.587097,0.601257,0.891615,-0.428473,-0.126345,-0.045877,0.002417,0.055148
1722050702.2846,2024-07-26 20:25:02.284,13,false,0.44788,-0.30542,0.587036,0.601257,0.891127,-0.436286,-0.120485,-0.045794,0.002334,0.055175
1722050702.3159,2024-07-26 20:25:02.315,14,false,0.448083,-0.305481,0.586975,0.601135,0.891127,-0.436286,-0.120485,-0.045719,0.002259,0.055199
1722050702.3471,2024-07-26 20:25:02.347,15,false,0.448123,-0.305542,0.586975,0.601074,0.879896,-0.417731,-0.120974,-0.045798,0.002265,0.055234
1722050702.3784,2024-07-26 20:25:02.378,16,false,0.448206,-0.30542,0.586975,0.601074,0.886732,-0.437751,-0.129763,-0.045771,0.002246,0.055301
1722050702.4096,2024-07-26 20:25:02.409,17,false,0.448331,-0.305359,0.587036,0.600952,0.886732,-0.437751,-0.129763,-0.045747,0.002229,0.055362
1722050702.4409,2024-07-26 20:25:02.440,18,false,0.448295,-0.305298,0.587158,0.600891,0.892103,-0.42359,-0.117067,-0.04575,0.002201,0.055307
1722050702.4721,2024-07-26 20:25:02.472,19,false,0.448297,-0.305298,0.587219,0.60083,0.89308,-0.419196,-0.123415,-0.045704,0.002189,0.055392
1722050702.5034,2024-07-26 20:25:02.503,20,false,0.448298,-0.305176,0.587219,0.600891,0.89308,-0.419196,-0.123415,-0.045663,0.002177,0.055468
1722050702.5346,2024-07-26 20:25:02.534,21,false,0.448218,-0.305176,0.58728,0.600891,0.882338,-0.422126,-0.12488,-0.045625,0.002106,0.055365
1722050702.5659,2024-07-26 20:25:02.565,22,false,0.448101,-0.304993,0.587402,0.600952,0.89015,-0.430915,-0.123415,-0.045653,0.002005,0.05542
1722050702.5971,2024-07-26 20:25:02.597,23,false,0.448298,-0.305176,0.587219,0.600891,0.892103,-0.42359,-0.117067,-0.045567,0.002025,0.055359
1722050702.6284,2024-07-26 20:25:02.628,24,false,0.44782,-0.304932,0.587585,0.601013,0.887709,-0.43238,-0.12781,-0.045649,0.002078,0.055402
1722050702.6596,2024-07-26 20:25:02.659,25,false,0.447704,-0.304871,0.587769,0.600952,0.897963,-0.417243,-0.133181,-0.045748,0.00209,0.055404
1722050702.6909,2024-07-26 20:25:02.690,26,false,0.447784,-0.304871,0.587708,0.600952,0.873549,-0.440192,-0.123903,-0.045751,0.002138,0.055381
1722050702.7221,2024-07-26 20:25:02.722,27,false,0.447662,-0.304932,0.587769,0.600952,0.873549,-0.440192,-0.123903,-0.045729,0.002156,0.055397
1722050702.7534,2024-07-26 20:25:02.753,28,false,0.447662,-0.304932,0.587769,0.600952,0.89308,-0.416266,-0.120974,-0.045599,0.002099,0.055485
1722050702.7846,2024-07-26 20:25:02.784,29,false,0.447704,-0.304871,0.587769,0.600952,0.879896,-0.414313,-0.122927,-0.045507,0.002182,0.05543
1722050702.8159,2024-07-26 20:25:02.815,30,false,0.447948,-0.304871,0.587708,0.60083,0.879896,-0.414313,-0.122927,-0.045461,0.002184,0.055429
1722050702.8471,2024-07-26 20:25:02.847,31,false,0.447948,-0.304871,0.587708,0.60083,0.889662,-0.439704,-0.128786,-0.045578,0.002161,0.055404
1722050702.8784,2024-07-26 20:25:02.878,0,false,0.447824,-0.304932,0.587708,0.600891,0.895521,-0.425544,-0.123903,-0.045598,0.002164,0.055405
1722050702.9096,2024-07-26 20:25:02.909,1,false,0.447661,-0.30481,0.587708,0.601074,0.895521,-0.425544,-0.123903,-0.045616,0.002168,0.055407
1722050702.9409,2024-07-26 20:25:02.940,2,false,0.447583,-0.30481,0.58783,0.601013,0.89601,-0.430915,-0.134646,-0.045644,0.002158,0.055396
1722050702.9721,2024-07-26 20:25:02.972,3,false,0.447502,-0.304688,0.58783,0.601135,0.887709,-0.434333,-0.126345,-0.045682,0.002223,0.055435
1722050703.0034,2024-07-26 20:25:03.003,4,false,0.447502,-0.304688,0.58783,0.601135,0.888197,-0.437751,-0.120485,-0.045594,0.00216,0.055434
1722050703.0346,2024-07-26 20:25:03.034,5,false,0.44742,-0.304688,0.58783,0.601196,0.888197,-0.421637,-0.122438,-0.045514,0.002139,0.055371
1722050703.0659,2024-07-26 20:25:03.065,6,false,0.447667,-0.304565,0.58783,0.601074,0.885756,-0.427008,-0.121462,-0.045541,0.002181,0.055352
1722050703.0971,2024-07-26 20:25:03.097,7,false,0.447707,-0.304504,0.587769,0.601135,0.885756,-0.427008,-0.121462,-0.045564,0.00222,0.055334
1722050703.1284,2024-07-26 20:25:03.128,8,false,0.447787,-0.304504,0.587708,0.601135,0.888197,-0.430915,-0.131228,-0.045647,0.002217,0.055282
1722050703.1596,2024-07-26 20:25:03.159,9,false,0.447867,-0.304504,0.587646,0.601135,0.891615,-0.416266,-0.130739,-0.045623,0.002215,0.055332
1722050703.1909,2024-07-26 20:25:03.190,10,false,0.447912,-0.304321,0.587708,0.601135,0.891615,-0.416266,-0.130739,-0.045529,0.002262,0.055329
1722050703.2221,2024-07-26 20:25:03.222,11,false,0.447952,-0.304382,0.587708,0.601074,0.886732,-0.434821,-0.12488,-0.04559,0.002244,0.055326
1722050703.2534,2024-07-26 20:25:03.253,12,false,0.447952,-0.304382,0.587708,0.601074,0.884779,-0.427985,-0.124392,-0.04556,0.00219,0.055323
1722050703.2846,2024-07-26 20:25:03.284,13,false,0.447832,-0.304443,0.58783,0.601013,0.884779,-0.427985,-0.124392,-0.045533,0.002142,0.055321
1722050703.3159,2024-07-26 20:25:03.315,14,false,0.447749,-0.304565,0.58783,0.601013,0.879408,-0.416266,-0.117067,-0.045643,0.002148,0.055331
1722050703.3471,2024-07-26 20:25:03.347,15,false,0.447748,-0.304688,0.58783,0.600952,0.87306,-0.424567,-0.123903,-0.045742,0.002214,0.055315
1722050703.3784,2024-07-26 20:25:03.378,16,false,0.447832,-0.304443,0.58783,0.601013,0.886732,-0.434821,-0.12488,-0.045696,0.002224,0.055314
1722050703.4096,2024-07-26 20:25:03.409,17,false,0.447629,-0.304626,0.587952,0.600952,0.889174,-0.440192,-0.125368,-0.045656,0.002234,0.055312
1722050703.4409,2024-07-26 20:25:03.440,18,false,0.447628,-0.304749,0.587952,0.600891,0.886244,-0.421637,-0.127321,-0.045643,0.002181,0.055433
1722050703.4721,2024-07-26 20:25:03.472,19,false,0.447752,-0.304688,0.587952,0.60083,0.89308,-0.425055,-0.116091,-0.045583,0.002183,0.055371
1722050703.5034,2024-07-26 20:25:03.503,20,false,0.44775,-0.304688,0.587891,0.600891,0.89308,-0.425055,-0.116091,-0.04553,0.002184,0.055315
1722050703.5346,2024-07-26 20:25:03.534,21,false,0.44771,-0.304749,0.587952,0.60083,0.889662,-0.429938,-0.123415,-0.045591,0.002198,0.055374
1722050703.5659,2024-07-26 20:25:03.565,22,false,0.447909,-0.30481,0.587769,0.60083,0.888197,-0.416754,-0.12195,-0.045646,0.002125,0.05555
1722050703.5971,2024-07-26 20:25:03.597,23,false,0.448109,-0.304871,0.587646,0.600769,0.888197,-0.416754,-0.12195,-0.045696,0.002059,0.055708
1722050703.6284,2024-07-26 20:25:03.628,24,false,0.448232,-0.304932,0.587646,0.600647,0.891127,-0.433356,-0.128298,-0.045741,0.002207,0.055728
1722050703.6596,2024-07-26 20:25:03.659,25,false,0.448197,-0.304871,0.58783,0.600525,0.899428,-0.418219,-0.129763,-0.045744,0.002242,0.055734
1722050703.6909,2024-07-26 20:25:03.690,26,false,0.448155,-0.30481,0.587769,0.600647,0.899428,-0.418219,-0.129763,-0.045662,0.002287,0.055715
1722050703.7221,2024-07-26 20:25:03.722,27,false,0.448001,-0.304321,0.587952,0.60083,0.899428,-0.418219,-0.129763,-0.045588,0.002327,0.055697
1722050703.7534,2024-07-26 20:25:03.753,28,false,0.448124,-0.30426,0.587952,0.600769,0.89308,-0.424567,-0.128786,-0.045534,0.002375,0.055548
1722050703.7846,2024-07-26 20:25:03.784,29,false,0.448084,-0.304199,0.587952,0.60083,0.882338,-0.432868,-0.115114,-0.045509,0.002247,0.055584
1722050703.8159,2024-07-26 20:25:03.815,30,false,0.448244,-0.304199,0.58783,0.60083,0.882338,-0.432868,-0.115114,-0.045499,0.002181,0.055482
1722050703.8471,2024-07-26 20:25:03.847,31,false,0.448242,-0.304199,0.587769,0.600891,0.891127,-0.430426,-0.134646,-0.045552,0.002061,0.055513
1722050703.8784,2024-07-26 20:25:03.878,0,false,0.448367,-0.304138,0.58783,0.600769,0.886732,-0.433845,-0.125856,-0.045538,0.002135,0.055479
1722050703.9096,2024-07-26 20:25:03.909,1,false,0.448328,-0.304077,0.587891,0.600769,0.886732,-0.433845,-0.125856,-0.045586,0.002142,0.055412
1722050703.9409,2024-07-26 20:25:03.940,2,false,0.448327,-0.304077,0.58783,0.60083,0.887221,-0.422614,-0.133669,-0.045642,0.002159,0.055364
1722050703.9721,2024-07-26 20:25:03.972,3,false,0.448408,-0.303955,0.587769,0.600891,0.896986,-0.455817,-0.125368,-0.045741,0.002163,0.055284
1722050704.0034,2024-07-26 20:25:04.003,4,false,0.448329,-0.303955,0.587891,0.60083,0.896986,-0.455817,-0.125368,-0.04583,0.002167,0.055213
1722050704.0346,2024-07-26 20:25:04.034,5,false,0.448246,-0.303955,0.58783,0.600952,0.886732,-0.430915,-0.108766,-0.045751,0.002109,0.055209
1722050704.0659,2024-07-26 20:25:04.065,6,false,0.448205,-0.303894,0.58783,0.601013,0.884291,-0.42945,-0.12488,-0.045778,0.002178,0.055267
1722050704.0971,2024-07-26 20:25:04.097,7,false,0.448043,-0.303894,0.587891,0.601074,0.884291,-0.42945,-0.12488,-0.045803,0.002241,0.055319
1722050704.1284,2024-07-26 20:25:04.128,8,false,0.448246,-0.303955,0.58783,0.600952,0.886244,-0.431403,-0.121462,-0.0458,0.002274,0.055305
1722050704.1596,2024-07-26 20:25:04.159,9,false,0.448041,-0.303894,0.58783,0.601135,0.886244,-0.431403,-0.121462,-0.045798,0.002303,0.055292
1722050704.1909,2024-07-26 20:25:04.190,10,false,0.447918,-0.303955,0.58783,0.601196,0.882338,-0.425055,-0.128786,-0.045808,0.00228,0.055317
1722050704.2221,2024-07-26 20:25:04.222,11,false,0.448041,-0.304016,0.58783,0.601074,0.883803,-0.426032,-0.119997,-0.045817,0.002223,0.055339
1722050704.2534,2024-07-26 20:25:04.253,12,false,0.448041,-0.304138,0.587891,0.600952,0.883803,-0.426032,-0.119997,-0.045935,0.002318,0.055384
1722050704.2846,2024-07-26 20:25:04.284,13,false,0.448361,-0.304382,0.587708,0.600769,0.885756,-0.428962,-0.124392,-0.045895,0.002233,0.055437
1722050704.3159,2024-07-26 20:25:04.315,14,false,0.448562,-0.304443,0.587585,0.600708,0.886244,-0.419684,-0.12781,-0.045895,0.002241,0.055484
1722050704.3471,2024-07-26 20:25:04.347,15,false,0.448722,-0.304565,0.587524,0.600586,0.886244,-0.419684,-0.12781,-0.045896,0.002249,0.055526
1722050704.3784,2024-07-26 20:25:04.378,16,false,0.449001,-0.304749,0.587341,0.600464,0.89015,-0.417243,-0.121462,-0.04592,0.002134,0.055565
1722050704.4096,2024-07-26 20:25:04.409,17,false,0.449119,-0.304932,0.58728,0.600342,0.883803,-0.417243,-0.128786,-0.045857,0.002092,0.055599
1722050704.4409,2024-07-26 20:25:04.440,18,false,0.448955,-0.305054,0.58728,0.600403,0.883803,-0.417243,-0.128786,-0.0458,0.002053,0.05563
1722050704.4721,2024-07-26 20:25:04.472,19,false,0.448789,-0.305176,0.587219,0.600525,0.898939,-0.42652,-0.131716,-0.045798,0.002043,0.055548
1722050704.5034,2024-07-26 20:25:04.503,20,false,0.448383,-0.305054,0.58728,0.60083,0.892592,-0.437751,-0.134646,-0.045711,0.001985,0.05567
1722050704.5346,2024-07-26 20:25:04.534,21,false,0.448346,-0.304993,0.587402,0.600769,0.887221,-0.4065,-0.134646,-0.045668,0.001958,0.055694
1722050704.5659,2024-07-26 20:25:04.565,22,false,0.448509,-0.304871,0.587341,0.600769,0.877943,-0.440192,-0.130251,-0.045533,0.00197,0.055569
1722050704.5971,2024-07-26 20:25:04.597,23,false,0.448423,-0.305115,0.58728,0.600769,0.87892,-0.440192,-0.12781,-0.045557,0.001992,0.055529
1722050704.6284,2024-07-26 20:25:04.628,24,false,0.448425,-0.305115,0.587341,0.600708,0.87892,-0.440192,-0.12781,-0.045543,0.001988,0.055494
1722050704.6596,2024-07-26 20:25:04.659,25,false,0.448509,-0.305115,0.587402,0.600586,0.879408,-0.419196,-0.128298,-0.045517,0.001936,0.055475
1722050704.6909,2024-07-26 20:25:04.690,26,false,0.448384,-0.305298,0.587402,0.600586,0.891127,-0.434821,-0.125368,-0.045604,0.001938,0.055469
1722050704.7221,2024-07-26 20:25:04.722,27,false,0.448546,-0.305298,0.587341,0.600525,0.891127,-0.434821,-0.125368,-0.045683,0.001939,0.055464
1722050704.7534,2024-07-26 20:25:04.753,28,false,0.448541,-0.30542,0.587219,0.600586,0.891127,-0.418219,-0.12488,-0.045643,0.002014,0.055411
1722050704.7846,2024-07-26 20:25:04.784,29,false,0.448626,-0.305298,0.58728,0.600525,0.884291,-0.434821,-0.119509,-0.04562,0.002093,0.055351
1722050704.8159,2024-07-26 20:25:04.815,30,false,0.448746,-0.305481,0.58728,0.600342,0.884291,-0.434821,-0.119509,-0.045599,0.002165,0.055297
1722050704.8471,2024-07-26 20:25:04.847,31,false,0.448586,-0.305481,0.587402,0.600342,0.884779,-0.423102,-0.126833,-0.045592,0.002156,0.055261
1722050704.8784,2024-07-26 20:25:04.878,0,false,0.448621,-0.305664,0.58728,0.600342,0.89308,-0.420172,-0.130739,-0.045538,0.002136,0.055216
1722050704.9096,2024-07-26 20:25:04.909,1,false,0.448746,-0.305481,0.58728,0.600342,0.891127,-0.418219,-0.12488,-0.045452,0.002215,0.055248
1722050704.9409,2024-07-26 20:25:04.940,2,false,0.44846,-0.305664,0.587341,0.600403,0.881361,-0.437751,-0.124392,-0.045374,0.002286,0.055278
1722050704.9721,2024-07-26 20:25:04.972,3,false,0.448581,-0.305603,0.58728,0.600403,0.891615,-0.424079,-0.121462,-0.04539,0.002448,0.055341
1722050705.0034,2024-07-26 20:25:05.003,4,false,0.448503,-0.305603,0.587402,0.600342,0.886244,-0.428473,-0.132692,-0.045429,0.002423,0.055349
1722050705.0346,2024-07-26 20:25:05.034,5,false,0.448583,-0.305603,0.587341,0.600342,0.886244,-0.428473,-0.132692,-0.045464,0.002401,0.055356
1722050705.0659,2024-07-26 20:25:05.065,6,false,0.4485,-0.305725,0.587341,0.600342,0.895521,-0.439216,-0.129274,-0.045495,0.002441,0.055338
1722050705.0971,2024-07-26 20:25:05.097,7,false,0.448578,-0.305725,0.587219,0.600403,0.877455,-0.427985,-0.140505,-0.045548,0.00227,0.055322
1722050705.1284,2024-07-26 20:25:05.128,8,false,0.448618,-0.305664,0.587158,0.600464,0.877455,-0.427985,-0.140505,-0.045595,0.002117,0.055307
1722050705.1596,2024-07-26 20:25:05.159,9,false,0.448736,-0.305725,0.587036,0.600464,0.885267,-0.430426,-0.12195,-0.045564,0.002052,0.055307
1722050705.1909,2024-07-26 20:25:05.190,10,false,0.448778,-0.305786,0.587097,0.600342,0.894545,-0.422614,-0.125856,-0.045586,0.002103,0.055355
1722050705.2221,2024-07-26 20:25:05.222,11,false,0.448656,-0.305847,0.587158,0.600342,0.894545,-0.422614,-0.125856,-0.045641,0.002002,0.055312
1722050705.2534,2024-07-26 20:25:05.253,12,false,0.448734,-0.305725,0.586975,0.600525,0.894545,-0.422614,-0.125856,-0.045692,0.001912,0.055274
1722050705.2846,2024-07-26 20:25:05.284,13,false,0.448733,-0.305847,0.586975,0.600464,0.892592,-0.423102,-0.130739,-0.045712,0.001989,0.055277
1722050705.3159,2024-07-26 20:25:05.315,14,false,0.448856,-0.305908,0.587036,0.600281,0.892103,-0.438727,-0.124392,-0.045646,0.001949,0.055413
1722050705.3471,2024-07-26 20:25:05.347,15,false,0.448934,-0.305908,0.586914,0.600342,0.892103,-0.438727,-0.124392,-0.04572,0.001974,0.05539
1722050705.3784,2024-07-26 20:25:05.378,16,false,0.44897,-0.305969,0.586792,0.600403,0.887221,-0.427985,-0.118532,-0.04564,0.001947,0.055405
1722050705.4096,2024-07-26 20:25:05.409,17,false,0.449049,-0.306091,0.586731,0.600342,0.891615,-0.431891,-0.123415,-0.045568,0.00196,0.055394
1722050705.4409,2024-07-26 20:25:05.440,18,false,0.44921,-0.306213,0.586731,0.600159,0.891615,-0.431891,-0.123415,-0.045504,0.001972,0.055385
1722050705.4721,2024-07-26 20:25:05.472,19,false,0.44929,-0.306213,0.58667,0.600159,0.884291,-0.419684,-0.12781,-0.045543,0.001945,0.05534
1722050705.5034,2024-07-26 20:25:05.503,20,false,0.449369,-0.306213,0.586609,0.600159,0.895521,-0.434821,-0.121462,-0.045567,0.001971,0.055409
1722050705.5346,2024-07-26 20:25:05.534,21,false,0.449456,-0.306091,0.586731,0.600037,0.895521,-0.434821,-0.121462,-0.045539,0.001944,0.055398
1722050705.5659,2024-07-26 20:25:05.565,22,false,0.449422,-0.305908,0.586853,0.600037,0.885756,-0.418219,-0.126833,-0.045526,0.002006,0.055461
1722050705.5971,2024-07-26 20:25:05.597,23,false,0.4493,-0.305969,0.586914,0.600037,0.895033,-0.427985,-0.119997,-0.045478,0.001964,0.055433
1722050705.6284,2024-07-26 20:25:05.628,24,false,0.449376,-0.305969,0.586731,0.600159,0.895033,-0.427985,-0.119997,-0.045435,0.001927,0.055407
1722050705.6596,2024-07-26 20:25:05.659,25,false,0.449422,-0.305908,0.586853,0.600037,0.884779,-0.419196,-0.124392,-0.045383,0.00188,0.055396
1722050705.6909,2024-07-26 20:25:05.690,26,false,0.449336,-0.305786,0.58667,0.600342,0.884779,-0.419196,-0.124392,-0.045447,0.001912,0.055338
1722050705.7221,2024-07-26 20:25:05.722,27,false,0.449253,-0.305786,0.586609,0.600464,0.885756,-0.418708,-0.119509,-0.045456,0.001928,0.055297
1722050705.7534,2024-07-26 20:25:05.753,28,false,0.449299,-0.305603,0.586731,0.600403,0.888197,-0.428473,-0.116091,-0.045549,0.001894,0.05537
1722050705.7846,2024-07-26 20:25:05.784,29,false,0.449223,-0.305481,0.586853,0.600403,0.888197,-0.428473,-0.116091,-0.045633,0.001864,0.055437
1722050705.8159,2024-07-26 20:25:05.815,30,false,0.449221,-0.305481,0.586792,0.600464,0.897963,-0.435309,-0.12781,-0.045647,0.001873,0.055472
1722050705.8471,2024-07-26 20:25:05.847,31,false,0.449221,-0.305481,0.586792,0.600464,0.896498,-0.422614,-0.129274,-0.045721,0.002003,0.055503
1722050705.8784,2024-07-26 20:25:05.878,0,false,0.449343,-0.305542,0.586792,0.600342,0.896498,-0.422614,-0.129274,-0.045739,0.00201,0.055483
1722050705.9096,2024-07-26 20:25:05.909,1,false,0.449506,-0.305542,0.586792,0.60022,0.889662,-0.428962,-0.12488,-0.045755,0.002163,0.055403
1722050705.9409,2024-07-26 20:25:05.940,2,false,0.449586,-0.305542,0.586731,0.60022,0.902358,-0.42652,-0.13611,-0.045672,0.002154,0.055393
1722050705.9721,2024-07-26 20:25:05.972,3,false,0.449544,-0.305725,0.586792,0.600098,0.902358,-0.42652,-0.13611,-0.045597,0.002146,0.055383
1722050706.0034,2024-07-26 20:25:06.003,4,false,0.449464,-0.305603,0.586792,0.60022,0.89308,-0.410895,-0.127321,-0.045651,0.002164,0.055399
1722050706.0346,2024-07-26 20:25:06.034,5,false,0.449218,-0.305603,0.586731,0.600464,0.897963,-0.422126,-0.125368,-0.045579,0.002057,0.055328
1722050706.0659,2024-07-26 20:25:06.065,6,false,0.449259,-0.305542,0.586731,0.600464,0.883803,-0.419196,-0.120974,-0.045635,0.002181,0.055325
1722050706.0971,2024-07-26 20:25:06.097,7,false,0.449219,-0.305481,0.586731,0.600525,0.89308,-0.43238,-0.12781,-0.045649,0.002158,0.055274
1722050706.1284,2024-07-26 20:25:06.128,8,false,0.449179,-0.30542,0.586731,0.600586,0.89308,-0.425055,-0.129274,-0.045772,0.002113,0.055362
1722050706.1596,2024-07-26 20:25:06.159,9,false,0.449221,-0.305359,0.586731,0.600586,0.89308,-0.425055,-0.129274,-0.045638,0.00228,0.055404
1722050706.1909,2024-07-26 20:25:06.190,10,false,0.449221,-0.305359,0.586731,0.600586,0.896498,-0.416754,-0.123903,-0.045542,0.002199,0.055455
1722050706.2221,2024-07-26 20:25:06.222,11,false,0.449261,-0.30542,0.586731,0.600525,0.89308,-0.420661,-0.116579,-0.045358,0.002272,0.055439
1722050706.2534,2024-07-26 20:25:06.253,12,false,0.449423,-0.305298,0.58667,0.600525,0.89308,-0.420661,-0.116579,-0.045193,0.002338,0.055425
1722050706.2846,2024-07-26 20:25:06.284,13,false,0.449471,-0.305237,0.586853,0.600342,0.891615,-0.446052,-0.114137,-0.045227,0.002275,0.055473
1722050706.3159,2024-07-26 20:25:06.315,14,false,0.449349,-0.305298,0.586914,0.600342,0.881361,-0.417243,-0.133181,-0.045294,0.002218,0.055419
1722050706.3471,2024-07-26 20:25:06.347,15,false,0.449349,-0.305298,0.586914,0.600342,0.881361,-0.417243,-0.133181,-0.045342,0.002338,0.055456
1722050706.3784,2024-07-26 20:25:06.378,16,false,0.449474,-0.305115,0.586914,0.600342,0.885756,-0.428473,-0.120485,-0.045337,0.002373,0.055379
1722050706.4096,2024-07-26 20:25:06.409,17,false,0.449555,-0.304993,0.586853,0.600403,0.893568,-0.420661,-0.119997,-0.045271,0.002282,0.055432
1722050706.4409,2024-07-26 20:25:06.440,18,false,0.449349,-0.305298,0.586914,0.600342,0.891615,-0.446052,-0.114137,-0.045297,0.002347,0.055382
1722050706.4721,2024-07-26 20:25:06.472,19,false,0.449309,-0.305115,0.586853,0.600525,0.89601,-0.416754,-0.128298,-0.045321,0.002405,0.055337
1722050706.5034,2024-07-26 20:25:06.503,20,false,0.449433,-0.304932,0.586853,0.600525,0.889174,-0.427008,-0.120974,-0.04533,0.00236,0.055382
1722050706.5346,2024-07-26 20:25:06.534,21,false,0.449599,-0.304688,0.586853,0.600525,0.895033,-0.435309,-0.132692,-0.04546,0.002283,0.055386
1722050706.5659,2024-07-26 20:25:06.565,22,false,0.44964,-0.304626,0.586853,0.600525,0.895033,-0.435309,-0.132692,-0.045577,0.002213,0.05539
1722050706.5971,2024-07-26 20:25:06.597,23,false,0.449844,-0.304565,0.586853,0.600403,0.893568,-0.426032,-0.123415,-0.045524,0.002212,0.055515
1722050706.6284,2024-07-26 20:25:06.628,24,false,0.449763,-0.304565,0.586853,0.600464,0.879896,-0.425055,-0.131228,-0.045561,0.002137,0.055554
1722050706.6596,2024-07-26 20:25:06.659,25,false,0.449802,-0.304504,0.586792,0.600525,0.879896,-0.425055,-0.131228,-0.045595,0.00207,0.05559
1722050706.6909,2024-07-26 20:25:06.690,26,false,0.449965,-0.304504,0.586792,0.600403,0.886732,-0.436774,-0.134646,-0.045699,0.001997,0.055548
1722050706.7221,2024-07-26 20:25:06.722,27,false,0.450006,-0.304443,0.586792,0.600403,0.890639,-0.416266,-0.12195,-0.045731,0.002078,0.055511
1722050706.7534,2024-07-26 20:25:06.753,28,false,0.449889,-0.304382,0.586914,0.600403,0.890639,-0.416266,-0.12195,-0.04576,0.002151,0.055478
1722050706.7846,2024-07-26 20:25:06.784,29,false,0.449725,-0.30426,0.586853,0.600647,0.894057,-0.421149,-0.122438,-0.045579,0.002143,0.055582
1722050706.8159,2024-07-26 20:25:06.815,30,false,0.44961,-0.304077,0.587036,0.600647,0.887709,-0.433845,-0.129763,-0.045623,0.002124,0.05548
1722050706.8471,2024-07-26 20:25:06.847,31,false,0.449689,-0.304077,0.586975,0.600647,0.89601,-0.433356,-0.129274,-0.045565,0.002168,0.055413
1722050706.8784,2024-07-26 20:25:06.878,0,false,0.449689,-0.304077,0.586975,0.600647,0.882338,-0.429938,-0.125368,-0.045598,0.002159,0.055194
1722050706.9096,2024-07-26 20:25:06.909,1,false,0.449731,-0.304016,0.586975,0.600647,0.886732,-0.417731,-0.119997,-0.045568,0.00209,0.055266
1722050706.9409,2024-07-26 20:25:06.940,2,false,0.449852,-0.304077,0.586975,0.600525,0.886732,-0.417731,-0.119997,-0.045491,0.002076,0.055159
1722050706.9721,2024-07-26 20:25:06.972,3,false,0.44973,-0.304138,0.586975,0.600586,0.89015,-0.420661,-0.126345,-0.045532,0.0021,0.055137
1722050707.0034,2024-07-26 20:25:07.003,4,false,0.449769,-0.304077,0.586914,0.600647,0.894057,-0.419196,-0.123415,-0.04541,0.002122,0.055116
1722050707.0346,2024-07-26 20:25:07.034,5,false,0.449731,-0.304016,0.586975,0.600647,0.894057,-0.419196,-0.123415,-0.0453,0.002142,0.055098
1722050707.0659,2024-07-26 20:25:07.065,6,false,0.449813,-0.303894,0.586975,0.600647,0.888685,-0.412848,-0.120485,-0.045348,0.002123,0.055191
1722050707.0971,2024-07-26 20:25:07.097,7,false,0.449735,-0.303894,0.587097,0.600586,0.890639,-0.418708,-0.119509,-0.045305,0.002179,0.055165
1722050707.1284,2024-07-26 20:25:07.128,8,false,0.449655,-0.303772,0.587097,0.600708,0.890639,-0.418708,-0.119509,-0.045267,0.00223,0.055142
1722050707.1596,2024-07-26 20:25:07.159,9,false,0.449611,-0.303955,0.587036,0.600708,0.89308,-0.413336,-0.117067,-0.045293,0.002239,0.055182
1722050707.1909,2024-07-26 20:25:07.190,10,false,0.449735,-0.303894,0.587097,0.600586,0.89308,-0.413336,-0.117067,-0.045317,0.002247,0.055218
1722050707.2221,2024-07-26 20:25:07.222,11,false,0.449408,-0.304016,0.587097,0.600769,0.884779,-0.430915,-0.120485,-0.045266,0.002242,0.055214
1722050707.2534,2024-07-26 20:25:07.253,12,false,0.449531,-0.303955,0.587097,0.600708,0.884291,-0.435309,-0.131716,-0.04528,0.002274,0.055296
1722050707.2846,2024-07-26 20:25:07.284,13,false,0.449414,-0.303772,0.587219,0.600769,0.884291,-0.435309,-0.131716,-0.045293,0.002303,0.055369
1722050707.3159,2024-07-26 20:25:07.315,14,false,0.449413,-0.30365,0.587158,0.600891,0.89015,-0.430426,-0.129274,-0.045342,0.002292,0.05535
1722050707.3471,2024-07-26 20:25:07.347,15,false,0.44933,-0.303772,0.587158,0.600891,0.880385,-0.431403,-0.125368,-0.045495,0.002234,0.055308
1722050707.3784,2024-07-26 20:25:07.378,16,false,0.449452,-0.303833,0.587158,0.600769,0.880385,-0.431403,-0.125368,-0.045633,0.002182,0.055271
1722050707.4096,2024-07-26 20:25:07.409,17,false,0.449576,-0.30365,0.587158,0.600769,0.894545,-0.429938,-0.125856,-0.045709,0.002159,0.055286
1722050707.4409,2024-07-26 20:25:07.440,18,false,0.449701,-0.303589,0.587219,0.600647,0.903822,-0.418219,-0.116091,-0.045667,0.002211,0.055287
1722050707.4721,2024-07-26 20:25:07.472,19,false,0.449704,-0.303589,0.587341,0.600525,0.903822,-0.418219,-0.116091,-0.045629,0.002259,0.055288
1722050707.5034,2024-07-26 20:25:07.503,20,false,0.449665,-0.30365,0.587402,0.600464,0.891127,-0.427985,-0.123415,-0.045656,0.002265,0.055314
1722050707.5346,2024-07-26 20:25:07.534,21,false,0.449584,-0.303528,0.587402,0.600586,0.885267,-0.430426,-0.116091,-0.045644,0.00227,0.055276
1722050707.5659,2024-07-26 20:25:07.565,22,false,0.449143,-0.303223,0.587585,0.600891,0.885267,-0.430426,-0.116091,-0.04562,0.002141,0.05529
1722050707.5971,2024-07-26 20:25:07.597,23,false,0.449223,-0.303101,0.587524,0.600952,0.885267,-0.430426,-0.116091,-0.045599,0.002025,0.055303
1722050707.6284,2024-07-26 20:25:07.628,24,false,0.449185,-0.30304,0.587585,0.600952,0.877455,-0.426032,-0.121462,-0.045544,0.001981,0.055315
1722050707.6596,2024-07-26 20:25:07.659,25,false,0.449385,-0.302979,0.587463,0.600952,0.886244,-0.434333,-0.128786,-0.045579,0.001954,0.055313
1722050707.6909,2024-07-26 20:25:07.690,26,false,0.449385,-0.302979,0.587463,0.600952,0.886244,-0.434333,-0.128786,-0.045611,0.001929,0.055312
1722050707.7221,2024-07-26 20:25:07.722,27,false,0.449506,-0.302917,0.587402,0.600952,0.884779,-0.428473,-0.123415,-0.04564,0.001846,0.055335
1722050707.7534,2024-07-26 20:25:07.753,28,false,0.449629,-0.302856,0.587402,0.600891,0.890639,-0.434333,-0.134646,-0.045715,0.00182,0.055319
1722050707.7846,2024-07-26 20:25:07.784,29,false,0.449789,-0.302856,0.58728,0.600891,0.890639,-0.434333,-0.134646,-0.045782,0.001797,0.055305
1722050707.8159,2024-07-26 20:25:07.815,30,false,0.449827,-0.302917,0.587219,0.600891,0.885756,-0.42652,-0.125856,-0.045782,0.001751,0.055353
1722050707.8471,2024-07-26 20:25:07.847,31,false,0.450029,-0.302856,0.587158,0.60083,0.894545,-0.427497,-0.132692,-0.045757,0.001784,0.055226
1722050707.8784,2024-07-26 20:25:07.878,0,false,0.450109,-0.302856,0.587097,0.60083,0.894545,-0.427497,-0.132692,-0.045734,0.001813,0.055111
1722050707.9096,2024-07-26 20:25:07.909,1,false,0.450188,-0.302979,0.587036,0.600769,0.903334,-0.435309,-0.115114,-0.045665,0.001827,0.055142
1722050707.9409,2024-07-26 20:25:07.940,2,false,0.450267,-0.303101,0.586975,0.600708,0.894057,-0.421637,-0.132692,-0.045432,0.001815,0.055157
1722050707.9721,2024-07-26 20:25:07.972,3,false,0.450109,-0.302856,0.587097,0.60083,0.885756,-0.42652,-0.125856,-0.045381,0.001866,0.055086
1722050708.0034,2024-07-26 20:25:08.003,4,false,0.450226,-0.303162,0.586975,0.600708,0.891127,-0.42945,-0.120974,-0.045336,0.001911,0.055022
1722050708.0346,2024-07-26 20:25:08.034,5,false,0.450106,-0.303101,0.587036,0.600769,0.892103,-0.419684,-0.133669,-0.045331,0.001927,0.055135
1722050708.0659,2024-07-26 20:25:08.065,6,false,0.450147,-0.30304,0.587036,0.600769,0.889174,-0.434821,-0.127321,-0.045498,0.001893,0.055139
1722050708.0971,2024-07-26 20:25:08.097,7,false,0.450226,-0.30304,0.586975,0.600769,0.889174,-0.434821,-0.127321,-0.045489,0.00196,0.055106
1722050708.1284,2024-07-26 20:25:08.128,8,false,0.450226,-0.30304,0.586975,0.600769,0.881361,-0.419196,-0.131716,-0.045469,0.001972,0.055065
1722050708.1596,2024-07-26 20:25:08.159,9,false,0.450183,-0.303223,0.586914,0.600769,0.884779,-0.435309,-0.129274,-0.045573,0.001946,0.055003
1722050708.1909,2024-07-26 20:25:08.190,10,false,0.450222,-0.303162,0.586853,0.60083,0.884779,-0.435309,-0.129274,-0.045606,0.002081,0.055093
1722050708.2221,2024-07-26 20:25:08.222,11,false,0.450224,-0.303162,0.586914,0.600769,0.880873,-0.428473,-0.12781,-0.045513,0.002104,0.055175
1722050708.2534,2024-07-26 20:25:08.253,12,false,0.450102,-0.303345,0.586975,0.600708,0.893568,-0.419684,-0.12488,-0.045539,0.002053,0.055114
1722050708.2846,2024-07-26 20:25:08.284,13,false,0.450021,-0.303345,0.586975,0.600769,0.893568,-0.419684,-0.12488,-0.045563,0.002006,0.055059
1722050708.3159,2024-07-26 20:25:08.315,14,false,0.449574,-0.303406,0.587036,0.601013,0.893568,-0.419684,-0.12488,-0.045584,0.002025,0.055071
1722050708.3471,2024-07-26 20:25:08.347,15,false,0.449574,-0.303406,0.587036,0.601013,0.89308,-0.422614,-0.125368,-0.045518,0.002116,0.055008
1722050708.3784,2024-07-26 20:25:08.378,16,false,0.449571,-0.303528,0.586975,0.601013,0.888685,-0.430426,-0.122927,-0.045605,0.002099,0.054988
1722050708.4096,2024-07-26 20:25:08.409,17,false,0.449776,-0.303467,0.586975,0.600891,0.888685,-0.430426,-0.122927,-0.045683,0.002085,0.054971
1722050708.4409,2024-07-26 20:25:08.440,18,false,0.449735,-0.303406,0.586975,0.600952,0.885267,-0.408453,-0.135622,-0.045754,0.002194,0.05493
1722050708.4721,2024-07-26 20:25:08.472,19,false,0.449775,-0.303223,0.586914,0.601074,0.891615,-0.431891,-0.134646,-0.045707,0.002243,0.054967
1722050708.5034,2024-07-26 20:25:08.503,20,false,0.449934,-0.303345,0.586792,0.601013,0.891615,-0.431891,-0.134646,-0.045665,0.002287,0.055
1722050708.5346,2024-07-26 20:25:08.534,21,false,0.449974,-0.303406,0.586792,0.600952,0.886244,-0.425544,-0.123415,-0.045689,0.002229,0.05503
1722050708.5659,2024-07-26 20:25:08.565,22,false,0.449973,-0.303528,0.586792,0.600891,0.89308,-0.425055,-0.125856,-0.045771,0.002214,0.05502
1722050708.5971,2024-07-26 20:25:08.597,23,false,0.450053,-0.303528,0.586731,0.600891,0.89308,-0.425055,-0.125856,-0.045674,0.002249,0.055036
1722050708.6284,2024-07-26 20:25:08.628,24,false,0.450136,-0.303528,0.586792,0.600769,0.875013,-0.425055,-0.128298,-0.045709,0.002183,0.055074
1722050708.6596,2024-07-26 20:25:08.659,25,false,0.450092,-0.303711,0.586731,0.600769,0.881849,-0.415778,-0.129274,-0.045642,0.002099,0.055085
1722050708.6909,2024-07-26 20:25:08.690,26,false,0.450251,-0.303711,0.586609,0.600769,0.881849,-0.415778,-0.129274,-0.045582,0.002023,0.055094
1722050708.7221,2024-07-26 20:25:08.722,27,false,0.45009,-0.303711,0.58667,0.60083,0.912612,-0.43238,-0.132204,-0.045761,0.002102,0.055102
1722050708.7534,2024-07-26 20:25:08.753,28,false,0.450092,-0.303711,0.586731,0.600769,0.912612,-0.43238,-0.132204,-0.045921,0.002172,0.05511
1722050708.7846,2024-07-26 20:25:08.784,29,false,0.45013,-0.30365,0.586609,0.600891,0.880385,-0.420172,-0.121462,-0.045821,0.002126,0.055067
1722050708.8159,2024-07-26 20:25:08.815,30,false,0.450209,-0.30365,0.586548,0.600891,0.891127,-0.415778,-0.106325,-0.045768,0.002084,0.055091
1722050708.8471,2024-07-26 20:25:08.847,31,false,0.450174,-0.303711,0.586731,0.600708,0.891127,-0.415778,-0.106325,-0.04572,0.002047,0.055111
1722050708.8784,2024-07-26 20:25:08.878,0,false,0.450051,-0.303772,0.586731,0.600769,0.891127,-0.430915,-0.119997,-0.045677,0.002111,0.055093
1722050708.9096,2024-07-26 20:25:08.909,1,false,0.450007,-0.303955,0.58667,0.600769,0.903822,-0.428473,-0.134646,-0.04565,0.002119,0.055102
1722050708.9409,2024-07-26 20:25:08.940,2,false,0.450049,-0.304016,0.586731,0.600647,0.903822,-0.428473,-0.134646,-0.045675,0.002139,0.054999
1722050708.9721,2024-07-26 20:25:08.972,3,false,0.450085,-0.304199,0.586609,0.600647,0.902358,-0.414313,-0.12781,-0.045612,0.002145,0.055042
1722050709.0034,2024-07-26 20:25:09.003,4,false,0.450124,-0.304382,0.586609,0.600525,0.895521,-0.420172,-0.127321,-0.045592,0.002065,0.055018
1722050709.0346,2024-07-26 20:25:09.034,5,false,0.450126,-0.304504,0.586731,0.600342,0.895521,-0.420172,-0.127321,-0.045574,0.001993,0.054998
1722050709.0659,2024-07-26 20:25:09.065,6,false,0.450044,-0.304626,0.586731,0.600342,0.891127,-0.424567,-0.120974,-0.04557,0.002025,0.054991
1722050709.0971,2024-07-26 20:25:09.097,7,false,0.449879,-0.304749,0.586731,0.600403,0.881849,-0.426032,-0.124392,-0.045493,0.002018,0.055034
1722050709.1284,2024-07-26 20:25:09.128,8,false,0.450161,-0.304688,0.586609,0.600342,0.892592,-0.419196,-0.131228,-0.045533,0.002024,0.055024
1722050709.1596,2024-07-26 20:25:09.159,9,false,0.45028,-0.304871,0.586548,0.60022,0.896986,-0.428473,-0.126833,-0.045485,0.002139,0.054978
1722050709.1909,2024-07-26 20:25:09.190,10,false,0.450276,-0.304871,0.586426,0.600342,0.895033,-0.427497,-0.128786,-0.045428,0.002096,0.055071
1722050709.2221,2024-07-26 20:25:09.222,11,false,0.450395,-0.304932,0.586365,0.600281,0.895033,-0.427497,-0.128786,-0.045378,0.002057,0.055155
1722050709.2534,2024-07-26 20:25:09.253,12,false,0.450472,-0.305054,0.586243,0.600281,0.892592,-0.42652,-0.122927,-0.045418,0.002071,0.055182
1722050709.2846,2024-07-26 20:25:09.284,13,false,0.450309,-0.305054,0.586243,0.600403,0.883803,-0.41529,-0.129274,-0.045466,0.001888,0.055108
1722050709.3159,2024-07-26 20:25:09.315,14,false,0.450348,-0.304993,0.586182,0.600464,0.883803,-0.41529,-0.129274,-0.045521,0.001834,0.055115
1722050709.3471,2024-07-26 20:25:09.347,15,false,0.450227,-0.304932,0.586182,0.600586,0.892103,-0.411383,-0.132692,-0.045474,0.001846,0.05506
1722050709.3784,2024-07-26 20:25:09.378,16,false,0.450149,-0.30481,0.586243,0.600647,0.89601,-0.421637,-0.129763,-0.04559,0.001857,0.055133
1722050709.4096,2024-07-26 20:25:09.409,17,false,0.450193,-0.304626,0.586304,0.600647,0.89601,-0.421637,-0.129763,-0.045694,0.001866,0.055198
1722050709.4409,2024-07-26 20:25:09.440,18,false,0.450112,-0.304749,0.586365,0.600586,0.885267,-0.427008,-0.126345,-0.045812,0.002034,0.055233
1722050709.4721,2024-07-26 20:25:09.472,19,false,0.450233,-0.304688,0.586304,0.600586,0.892592,-0.429938,-0.124392,-0.045711,0.001989,0.055227
1722050709.5034,2024-07-26 20:25:09.503,20,false,0.450193,-0.304626,0.586304,0.600647,0.892103,-0.411383,-0.132692,-0.045644,0.001985,0.055246
1722050709.5346,2024-07-26 20:25:09.534,21,false,0.45015,-0.304688,0.586243,0.600708,0.89601,-0.404547,-0.122927,-0.045694,0.002055,0.055337
1722050709.5659,2024-07-26 20:25:09.565,22,false,0.450075,-0.304443,0.586365,0.600769,0.895033,-0.425055,-0.119997,-0.045629,0.002045,0.055284
1722050709.5971,2024-07-26 20:25:09.597,23,false,0.450037,-0.304504,0.586487,0.600647,0.889174,-0.431891,-0.125856,-0.045644,0.00206,0.055213
1722050709.6284,2024-07-26 20:25:09.628,24,false,0.450038,-0.304626,0.586548,0.600525,0.889174,-0.431891,-0.125856,-0.045657,0.002074,0.055148
1722050709.6596,2024-07-26 20:25:09.659,25,false,0.450073,-0.30481,0.586426,0.600525,0.886732,-0.425544,-0.122438,-0.045645,0.002074,0.055126
1722050709.6909,2024-07-26 20:25:09.690,26,false,0.450034,-0.304871,0.586487,0.600464,0.884291,-0.427985,-0.122927,-0.04556,0.002148,0.055034
1722050709.7221,2024-07-26 20:25:09.722,27,false,0.45016,-0.304688,0.586548,0.600403,0.884291,-0.427985,-0.122927,-0.045484,0.002214,0.05495
1722050709.7534,2024-07-26 20:25:09.753,28,false,0.450081,-0.30481,0.58667,0.600281,0.888685,-0.435798,-0.122927,-0.045489,0.002285,0.054985
1722050709.7846,2024-07-26 20:25:09.784,29,false,0.449913,-0.305054,0.586609,0.600342,0.894057,-0.420661,-0.12488,-0.045494,0.002289,0.055017
1722050709.8159,2024-07-26 20:25:09.815,30,false,0.449673,-0.305054,0.586731,0.600403,0.894057,-0.420661,-0.12488,-0.045498,0.002292,0.055045
1722050709.8471,2024-07-26 20:25:09.847,31,false,0.449515,-0.305054,0.586914,0.600342,0.896498,-0.419196,-0.120974,-0.045562,0.002233,0.055156
1722050709.8784,2024-07-26 20:25:09.878,0,false,0.449524,-0.304565,0.587036,0.600464,0.883803,-0.428962,-0.123903,-0.045584,0.002144,0.055158
