time,timestamp,actionEye,actionUpperFace,powerUpperFace,actionLowerFace,powerLowerFace
1722054623.9449,2024-07-26 21:30:23.944,neutral,frown,0.95,clench,0.8
1722054623.9762,2024-07-26 21:30:23.976,neutral,frown,0.95,clench,0.8
1722054624.0074,2024-07-26 21:30:24.007,neutral,frown,0.95,clench,0.8
1722054624.0387,2024-07-26 21:30:24.038,neutral,frown,0.95,clench,0.8
1722054624.0699,2024-07-26 21:30:24.069,neutral,frown,0.95,clench,0.8
1722054624.1012,2024-07-26 21:30:24.101,neutral,frown,0.95,clench,0.8
1722054624.1324,2024-07-26 21:30:24.132,neutral,frown,0.95,clench,0.8
1722054624.1637,2024-07-26 21:30:24.163,neutral,frown,0.95,clench,0.8
1722054624.1949,2024-07-26 21:30:24.194,neutral,frown,0.95,clench,0.8
1722054624.2262,2024-07-26 21:30:24.226,neutral,frown,0.95,clench,0.8
1722054624.2574,2024-07-26 21:30:24.257,neutral,frown,0.95,clench,0.8
1722054624.2887,2024-07-26 21:30:24.288,neutral,frown,0.95,clench,0.8
1722054624.3199,2024-07-26 21:30:24.319,neutral,frown,0.95,clench,0.8
1722054624.3512,2024-07-26 21:30:24.351,neutral,frown,0.95,clench,0.8
1722054624.3824,2024-07-26 21:30:24.382,neutral,frown,0.95,clench,0.8
1722054624.4137,2024-07-26 21:30:24.413,neutral,frown,0.95,clench,0.8
1722054624.4449,2024-07-26 21:30:24.444,neutral,frown,0.95,clench,0.8
1722054624.4762,2024-07-26 21:30:24.476,neutral,frown,0.95,clench,0.8
1722054624.5074,2024-07-26 21:30:24.507,neutral,frown,0.95,clench,0.8
1722054624.5387,2024-07-26 21:30:24.538,neutral,frown,0.95,clench,0.8
1722054624.5699,2024-07-26 21:30:24.569,neutral,frown,0.95,clench,0.8
1722054624.6012,2024-07-26 21:30:24.601,neutral,frown,0.95,clench,0.8
1722054624.6324,2024-07-26 21:30:24.632,neutral,frown,0.95,clench,0.8
1722054624.6637,2024-07-26 21:30:24.663,neutral,frown,0.95,clench,0.8
1722054624.6949,2024-07-26 21:30:24.694,neutral,frown,0.95,clench,0.8
1722054624.7262,2024-07-26 21:30:24.726,neutral,frown,0.95,clench,0.8
1722054624.7574,2024-07-26 21:30:24.757,neutral,frown,0.95,clench,0.8
1722054624.7887,2024-07-26 21:30:24.788,neutral,frown,0.95,clench,0.8
1722054624.8199,2024-07-26 21:30:24.819,neutral,frown,0.95,clench,0.8
1722054624.8512,2024-07-26 21:30:24.851,neutral,frown,0.95,clench,0.8
1722054624.8824,2024-07-26 21:30:24.882,neutral,frown,0.95,clench,0.8
1722054624.9137,2024-07-26 21:30:24.913,neutral,frown,0.95,clench,0.8
1722054624.9449,2024-07-26 21:30:24.944,neutral,frown,0.95,clench,0.8
1722054624.9762,2024-07-26 21:30:24.976,neutral,frown,0.95,clench,0.8
1722054625.0074,2024-07-26 21:30:25.007,neutral,frown,0.95,clench,0.8
1722054625.0387,2024-07-26 21:30:25.038,neutral,frown,0.95,clench,0.8
1722054625.0699,2024-07-26 21:30:25.069,neutral,frown,0.95,clench,0.8
1722054625.1012,2024-07-26 21:30:25.101,neutral,frown,0.95,clench,0.8
1722054625.1324,2024-07-26 21:30:25.132,neutral,frown,0.95,clench,0.8
1722054625.1637,2024-07-26 21:30:25.163,neutral,frown,0.95,clench,0.8
1722054625.1949,2024-07-26 21:30:25.194,neutral,frown,0.95,clench,0.8
1722054625.2262,2024-07-26 21:30:25.226,neutral,frown,0.95,clench,0.8
1722054625.2574,2024-07-26 21:30:25.257,neutral,frown,0.95,clench,0.8
1722054625.2887,2024-07-26 21:30:25.288,neutral,frown,0.95,clench,0.8
1722054625.3199,2024-07-26 21:30:25.319,neutral,frown,0.95,clench,0.8
1722054625.3512,2024-07-26 21:30:25.351,neutral,frown,0.95,clench,0.8
1722054625.3824,2024-07-26 21:30:25.382,neutral,frown,0.95,clench,0.8
1722054625.4137,2024-07-26 21:30:25.413,neutral,frown,0.95,clench,0.8
1722054625.4449,2024-07-26 21:30:25.444,neutral,frown,0.95,clench,0.8
1722054625.4762,2024-07-26 21:30:25.476,neutral,frown,0.95,clench,0.8
1722054625.5074,2024-07-26 21:30:25.507,neutral,frown,0.95,clench,0.8
1722054625.5387,2024-07-26 21:30:25.538,neutral,frown,0.95,clench,0.8
1722054625.5699,2024-07-26 21:30:25.569,neutral,frown,0.95,clench,0.8
1722054625.6012,2024-07-26 21:30:25.601,neutral,frown,0.95,clench,0.8
1722054625.6324,2024-07-26 21:30:25.632,neutral,frown,0.95,clench,0.8
1722054625.6637,2024-07-26 21:30:25.663,neutral,frown,0.95,clench,0.8
1722054625.6949,2024-07-26 21:30:25.694,neutral,frown,0.95,clench,0.8
1722054625.7262,2024-07-26 21:30:25.726,neutral,frown,0.95,clench,0.8
1722054625.7574,2024-07-26 21:30:25.757,neutral,frown,0.95,clench,0.8
1722054625.7887,2024-07-26 21:30:25.788,neutral,frown,0.95,clench,0.8
1722054625.8199,2024-07-26 21:30:25.819,neutral,frown,0.95,clench,0.8
1722054625.8512,2024-07-26 21:30:25.851,neutral,frown,0.95,clench,0.8
1722054625.8824,2024-07-26 21:30:25.882,neutral,frown,0.95,clench,0.8
1722054625.9137,2024-07-26 21:30:25.913,neutral,frown,0.95,clench,0.8
1722054625.9449,2024-07-26 21:30:25.944,neutral,frown,0.95,clench,0.8
1722054625.9762,2024-07-26 21:30:25.976,neutral,frown,0.95,clench,0.8
1722054626.0074,2024-07-26 21:30:26.007,neutral,frown,0.95,clench,0.8
1722054626.0387,2024-07-26 21:30:26.038,neutral,frown,0.95,clench,0.8
1722054626.0699,2024-07-26 21:30:26.069,neutral,frown,0.95,clench,0.8
1722054626.1012,2024-07-26 21:30:26.101,neutral,frown,0.95,clench,0.8
1722054626.1324,2024-07-26 21:30:26.132,neutral,frown,0.95,clench,0.8
1722054626.1637,2024-07-26 21:30:26.163,neutral,frown,0.95,clench,0.8
1722054626.1949,2024-07-26 21:30:26.194,neutral,frown,0.95,clench,0.8
1722054626.2262,2024-07-26 21:30:26.226,neutral,frown,0.95,clench,0.8
1722054626.2574,2024-07-26 21:30:26.257,neutral,frown,0.95,clench,0.8
1722054626.2887,2024-07-26 21:30:26.288,neutral,frown,0.95,clench,0.8
1722054626.3199,2024-07-26 21:30:26.319,neutral,frown,0.95,clench,0.8
1722054626.3512,2024-07-26 21:30:26.351,neutral,frown,0.95,clench,0.8
1722054626.3824,2024-07-26 21:30:26.382,neutral,frown,0.95,clench,0.8
1722054626.4137,2024-07-26 21:30:26.413,neutral,frown,0.95,clench,0.8
1722054626.4449,2024-07-26 21:30:26.444,neutral,frown,0.95,clench,0.8
1722054626.4762,2024-07-26 21:30:26.476,neutral,frown,0.95,clench,0.8
1722054626.5074,2024-07-26 21:30:26.507,neutral,frown,0.95,clench,0.8
1722054626.5387,2024-07-26 21:30:26.538,neutral,frown,0.95,clench,0.8
1722054626.5699,2024-07-26 21:30:26.569,neutral,frown,0.95,clench,0.8
1722054626.6012,2024-07-26 21:30:26.601,neutral,frown,0.95,clench,0.8
1722054626.6324,2024-07-26 21:30:26.632,neutral,frown,0.95,clench,0.8
1722054626.6637,2024-07-26 21:30:26.663,neutral,frown,0.95,clench,0.8
1722054626.6949,2024-07-26 21:30:26.694,neutral,frown,0.95,clench,0.8
1722054626.7262,2024-07-26 21:30:26.726,neutral,frown,0.95,clench,0.8
1722054626.7574,2024-07-26 21:30:26.757,neutral,frown,0.95,clench,0.8
1722054626.7887,2024-07-26 21:30:26.788,neutral,frown,0.95,clench,0.8
1722054626.8199,2024-07-26 21:30:26.819,neutral,frown,0.95,clench,0.8
1722054626.8512,2024-07-26 21:30:26.851,neutral,frown,0.95,clench,0.8
1722054626.8824,2024-07-26 21:30:26.882,neutral,frown,0.95,clench,0.8
1722054626.9137,2024-07-26 21:30:26.913,neutral,frown,0.95,clench,0.8
1722054626.9449,2024-07-26 21:30:26.944,neutral,frown,0.95,clench,0.8
1722054626.9762,2024-07-26 21:30:26.976,neutral,frown,0.95,clench,0.8
1722054627.0074,2024-07-26 21:30:27.007,neutral,frown,0.95,clench,0.8
1722054627.0387,2024-07-26 21:30:27.038,neutral,frown,0.95,clench,0.8
1722054627.0699,2024-07-26 21:30:27.069,neutral,frown,0.95,clench,0.8
1722054627.1012,2024-07-26 21:30:27.101,neutral,frown,0.95,clench,0.8
1722054627.1324,2024-07-26 21:30:27.132,neutral,frown,0.95,clench,0.8
1722054627.1637,2024-07-26 21:30:27.163,neutral,frown,0.95,clench,0.8
1722054627.1949,2024-07-26 21:30:27.194,neutral,frown,0.95,clench,0.8
1722054627.2262,2024-07-26 21:30:27.226,neutral,frown,0.95,clench,0.8
1722054627.2574,2024-07-26 21:30:27.257,neutral,frown,0.95,clench,0.8
1722054627.2887,2024-07-26 21:30:27.288,neutral,frown,0.95,clench,0.8
1722054627.3199,2024-07-26 21:30:27.319,neutral,frown,0.95,clench,0.8
1722054627.3512,2024-07-26 21:30:27.351,neutral,frown,0.95,clench,0.8
1722054627.3824,2024-07-26 21:30:27.382,neutral,frown,0.95,clench,0.8
1722054627.4137,2024-07-26 21:30:27.413,neutral,frown,0.95,clench,0.8
1722054627.4449,2024-07-26 21:30:27.444,neutral,frown,0.95,clench,0.8
1722054627.4762,2024-07-26 21:30:27.476,neutral,frown,0.95,clench,0.8
1722054627.5074,2024-07-26 21:30:27.507,neutral,frown,0.95,clench,0.8
1722054627.5387,2024-07-26 21:30:27.538,neutral,frown,0.95,clench,0.8
1722054627.5699,2024-07-26 21:30:27.569,neutral,frown,0.95,clench,0.8
1722054627.6012,2024-07-26 21:30:27.601,neutral,frown,0.95,clench,0.8
1722054627.6324,2024-07-26 21:30:27.632,neutral,frown,0.95,clench,0.8
1722054627.6637,2024-07-26 21:30:27.663,neutral,frown,0.95,clench,0.8
1722054627.6949,2024-07-26 21:30:27.694,neutral,frown,0.95,clench,0.8
1722054627.7262,2024-07-26 21:30:27.726,neutral,frown,0.95,clench,0.8
1722054627.7574,2024-07-26 21:30:27.757,neutral,frown,0.95,clench,0.8
1722054627.7887,2024-07-26 21:30:27.788,neutral,frown,0.95,clench,0.8
1722054627.8199,2024-07-26 21:30:27.819,neutral,frown,0.95,clench,0.8
1722054627.8512,2024-07-26 21:30:27.851,neutral,frown,0.95,clench,0.8
1722054627.8824,2024-07-26 21:30:27.882,neutral,frown,0.95,clench,0.8
1722054627.9137,2024-07-26 21:30:27.913,neutral,frown,0.95,clench,0.8
1722054627.9449,2024-07-26 21:30:27.944,neutral,frown,0.95,clench,0.8
1722054627.9762,2024-07-26 21:30:27.976,neutral,frown,0.95,clench,0.8
1722054628.0074,2024-07-26 21:30:28.007,neutral,frown,0.95,clench,0.8
1722054628.0387,2024-07-26 21:30:28.038,neutral,frown,0.95,clench,0.8
1722054628.0699,2024-07-26 21:30:28.069,neutral,frown,0.95,clench,0.8
1722054628.1012,2024-07-26 21:30:28.101,neutral,frown,0.95,clench,0.8
1722054628.1324,2024-07-26 21:30:28.132,neutral,frown,0.95,clench,0.8
1722054628.1637,2024-07-26 21:30:28.163,neutral,frown,0.95,clench,0.8
1722054628.1949,2024-07-26 21:30:28.194,neutral,frown,0.95,clench,0.8
1722054628.2262,2024-07-26 21:30:28.226,neutral,frown,0.95,clench,0.8
1722054628.2574,2024-07-26 21:30:28.257,neutral,frown,0.95,clench,0.8
1722054628.2887,2024-07-26 21:30:28.288,neutral,frown,0.95,clench,0.8
1722054628.3199,2024-07-26 21:30:28.319,neutral,frown,0.95,clench,0.8
1722054628.3512,2024-07-26 21:30:28.351,neutral,frown,0.95,clench,0.8
1722054628.3824,2024-07-26 21:30:28.382,neutral,frown,0.95,clench,0.8
1722054628.4137,2024-07-26 21:30:28.413,neutral,frown,0.95,clench,0.8
1722054628.4449,2024-07-26 21:30:28.444,neutral,frown,0.95,clench,0.8
1722054628.4762,2024-07-26 21:30:28.476,neutral,frown,0.95,clench,0.8
1722054628.5074,2024-07-26 21:30:28.507,neutral,frown,0.95,clench,0.8
1722054628.5387,2024-07-26 21:30:28.538,neutral,frown,0.95,clench,0.8
1722054628.5699,2024-07-26 21:30:28.569,neutral,frown,0.95,clench,0.8
1722054628.6012,2024-07-26 21:30:28.601,neutral,frown,0.95,clench,0.8
1722054628.6324,2024-07-26 21:30:28.632,neutral,frown,0.95,clench,0.8
1722054628.6637,2024-07-26 21:30:28.663,neutral,frown,0.95,clench,0.8
1722054628.6949,2024-07-26 21:30:28.694,neutral,frown,0.95,clench,0.8
1722054628.7262,2024-07-26 21:30:28.726,neutral,frown,0.95,clench,0.8
1722054628.7574,2024-07-26 21:30:28.757,neutral,frown,0.95,clench,0.8
1722054628.7887,2024-07-26 21:30:28.788,neutral,frown,0.95,clench,0.8
1722054628.8199,2024-07-26 21:30:28.819,neutral,frown,0.95,clench,0.8
1722054628.8512,2024-07-26 21:30:28.851,neutral,frown,0.95,clench,0.8
1722054628.8824,2024-07-26 21:30:28.882,neutral,frown,0.95,clench,0.8
1722054628.9137,2024-07-26 21:30:28.913,neutral,frown,0.95,clench,0.8
1722054628.9449,2024-07-26 21:30:28.944,neutral,frown,0.95,clench,0.8
1722054628.9762,2024-07-26 21:30:28.976,neutral,frown,0.95,clench,0.8
1722054629.0074,2024-07-26 21:30:29.007,neutral,frown,0.95,clench,0.8
1722054629.0387,2024-07-26 21:30:29.038,neutral,frown,0.95,clench,0.8
1722054629.0699,2024-07-26 21:30:29.069,neutral,frown,0.95,clench,0.8
1722054629.1012,2024-07-26 21:30:29.101,neutral,frown,0.95,clench,0.8
1722054629.1324,2024-07-26 21:30:29.132,neutral,frown,0.95,clench,0.8
1722054629.1637,2024-07-26 21:30:29.163,neutral,frown,0.95,clench,0.8
1722054629.1949,2024-07-26 21:30:29.194,neutral,frown,0.95,clench,0.8
1722054629.2262,2024-07-26 21:30:29.226,neutral,frown,0.95,clench,0.8
1722054629.2574,2024-07-26 21:30:29.257,neutral,frown,0.95,clench,0.8
1722054629.2887,2024-07-26 21:30:29.288,neutral,frown,0.95,clench,0.8
1722054629.3199,2024-07-26 21:30:29.319,neutral,frown,0.95,clench,0.8
1722054629.3512,2024-07-26 21:30:29.351,neutral,frown,0.95,clench,0.8
1722054629.3824,2024-07-26 21:30:29.382,neutral,frown,0.95,clench,0.8
1722054629.4137,2024-07-26 21:30:29.413,neutral,frown,0.95,clench,0.8
1722054629.4449,2024-07-26 21:30:29.444,neutral,frown,0.95,clench,0.8
1722054629.4762,2024-07-26 21:30:29.476,neutral,frown,0.95,clench,0.8
1722054629.5074,2024-07-26 21:30:29.507,neutral,frown,0.95,clench,0.8
1722054629.5387,2024-07-26 21:30:29.538,neutral,frown,0.95,clench,0.8
1722054629.5699,2024-07-26 21:30:29.569,neutral,frown,0.95,clench,0.8
1722054629.6012,2024-07-26 21:30:29.601,neutral,frown,0.95,clench,0.8
1722054629.6324,2024-07-26 21:30:29.632,neutral,frown,0.95,clench,0.8
1722054629.6637,2024-07-26 21:30:29.663,neutral,frown,0.95,clench,0.8
1722054629.6949,2024-07-26 21:30:29.694,neutral,frown,0.95,clench,0.8
1722054629.7262,2024-07-26 21:30:29.726,neutral,frown,0.95,clench,0.8
1722054629.7574,2024-07-26 21:30:29.757,neutral,frown,0.95,clench,0.8
1722054629.7887,2024-07-26 21:30:29.788,neutral,frown,0.95,clench,0.8
1722054629.8199,2024-07-26 21:30:29.819,neutral,frown,0.95,clench,0.8
1722054629.8512,2024-07-26 21:30:29.851,neutral,frown,0.95,clench,0.8
1722054629.8824,2024-07-26 21:30:29.882,neutral,frown,0.95,clench,0.8
1722054629.9137,2024-07-26 21:30:29.913,neutral,frown,0.95,clench,0.8
1722054629.9449,2024-07-26 21:30:29.944,neutral,frown,0.95,clench,0.8
1722054629.9762,2024-07-26 21:30:29.976,neutral,frown,0.95,clench,0.8
1722054630.0074,2024-07-26 21:30:30.007,neutral,frown,0.95,clench,0.8
1722054630.0387,2024-07-26 21:30:30.038,neutral,frown,0.95,clench,0.8
1722054630.0699,2024-07-26 21:30:30.069,neutral,frown,0.95,clench,0.8
1722054630.1012,2024-07-26 21:30:30.101,neutral,frown,0.95,clench,0.8
1722054630.1324,2024-07-26 21:30:30.132,neutral,frown,0.95,clench,0.8
1722054630.1637,2024-07-26 21:30:30.163,neutral,frown,0.95,clench,0.8
1722054630.1949,2024-07-26 21:30:30.194,neutral,frown,0.95,clench,0.8
1722054630.2262,2024-07-26 21:30:30.226,neutral,frown,0.95,clench,0.8
1722054630.2574,2024-07-26 21:30:30.257,neutral,frown,0.95,clench,0.8
1722054630.2887,2024-07-26 21:30:30.288,neutral,frown,0.95,clench,0.8
1722054630.3199,2024-07-26 21:30:30.319,neutral,frown,0.95,clench,0.8
1722054630.3512,2024-07-26 21:30:30.351,neutral,frown,0.95,clench,0.8
1722054630.3824,2024-07-26 21:30:30.382,neutral,frown,0.95,clench,0.8
1722054630.4137,2024-07-26 21:30:30.413,neutral,frown,0.95,clench,0.8
1722054630.4449,2024-07-26 21:30:30.444,neutral,frown,0.95,clench,0.8
1722054630.4762,2024-07-26 21:30:30.476,neutral,frown,0.95,clench,0.8
1722054630.5074,2024-07-26 21:30:30.507,neutral,frown,0.95,clench,0.8
1722054630.5387,2024-07-26 21:30:30.538,neutral,frown,0.95,clench,0.8
1722054630.5699,2024-07-26 21:30:30.569,neutral,frown,0.95,clench,0.8
1722054630.6012,2024-07-26 21:30:30.601,neutral,frown,0.95,clench,0.8
1722054630.6324,2024-07-26 21:30:30.632,neutral,frown,0.95,clench,0.8
1722054630.6637,2024-07-26 21:30:30.663,neutral,frown,0.95,clench,0.8
1722054630.6949,2024-07-26 21:30:30.694,neutral,frown,0.95,clench,0.8
1722054630.7262,2024-07-26 21:30:30.726,neutral,frown,0.95,clench,0.8
1722054630.7574,2024-07-26 21:30:30.757,neutral,frown,0.95,clench,0.8
1722054630.7887,2024-07-26 21:30:30.788,neutral,frown,0.95,clench,0.8
1722054630.8199,2024-07-26 21:30:30.819,neutral,frown,0.95,clench,0.8
1722054630.8512,2024-07-26 21:30:30.851,neutral,frown,0.95,clench,0.8
1722054630.8824,2024-07-26 21:30:30.882,neutral,frown,0.95,clench,0.8
1722054630.9137,2024-07-26 21:30:30.913,neutral,frown,0.95,clench,0.8
1722054630.9449,2024-07-26 21:30:30.944,neutral,frown,0.95,clench,0.8
1722054630.9762,2024-07-26 21:30:30.976,neutral,frown,0.95,clench,0.8
1722054631.0074,2024-07-26 21:30:31.007,neutral,frown,0.95,clench,0.8
1722054631.0387,2024-07-26 21:30:31.038,neutral,frown,0.95,clench,0.8
1722054631.0699,2024-07-26 21:30:31.069,neutral,frown,0.95,clench,0.8
1722054631.1012,2024-07-26 21:30:31.101,neutral,frown,0.95,clench,0.8
1722054631.1324,2024-07-26 21:30:31.132,neutral,frown,0.95,clench,0.8
1722054631.1637,2024-07-26 21:30:31.163,neutral,frown,0.95,clench,0.8
1722054631.1949,2024-07-26 21:30:31.194,neutral,frown,0.95,clench,0.8
1722054631.2262,2024-07-26 21:30:31.226,neutral,frown,0.95,clench,0.8
1722054631.2574,2024-07-26 21:30:31.257,neutral,frown,0.95,clench,0.8
1722054631.2887,2024-07-26 21:30:31.288,neutral,frown,0.95,clench,0.8
1722054631.3199,2024-07-26 21:30:31.319,neutral,frown,0.95,clench,0.8
1722054631.3512,2024-07-26 21:30:31.351,neutral,frown,0.95,clench,0.8
1722054631.3824,2024-07-26 21:30:31.382,neutral,frown,0.95,clench,0.8
1722054631.4137,2024-07-26 21:30:31.413,neutral,frown,0.95,clench,0.8
1722054631.4449,2024-07-26 21:30:31.444,neutral,frown,0.95,clench,0.8
1722054631.4762,2024-07-26 21:30:31.476,neutral,frown,0.95,clench,0.8
1722054631.5074,2024-07-26 21:30:31.507,neutral,frown,0.95,clench,0.8
1722054631.5387,2024-07-26 21:30:31.538,neutral,frown,0.95,clench,0.8
1722054631.5699,2024-07-26 21:30:31.569,neutral,frown,0.95,clench,0.8
1722054631.6012,2024-07-26 21:30:31.601,neutral,frown,0.95,clench,0.8
1722054631.6324,2024-07-26 21:30:31.632,neutral,frown,0.95,clench,0.8
1722054631.6637,2024-07-26 21:30:31.663,neutral,frown,0.95,clench,0.8
1722054631.6949,2024-07-26 21:30:31.694,neutral,frown,0.95,clench,0.8
1722054631.7262,2024-07-26 21:30:31.726,neutral,frown,0.95,clench,0.8
1722054631.7574,2024-07-26 21:30:31.757,neutral,frown,0.95,clench,0.8
1722054631.7887,2024-07-26 21:30:31.788,neutral,frown,0.95,clench,0.8
1722054631.8199,2024-07-26 21:30:31.819,neutral,frown,0.95,clench,0.8
1722054631.8512,2024-07-26 21:30:31.851,neutral,frown,0.95,clench,0.8
1722054631.8824,2024-07-26 21:30:31.882,neutral,frown,0.95,clench,0.8
1722054631.9137,2024-07-26 21:30:31.913,neutral,frown,0.95,clench,0.8
1722054631.9449,2024-07-26 21:30:31.944,neutral,frown,0.95,clench,0.8
1722054631.9762,2024-07-26 21:30:31.976,neutral,frown,0.95,clench,0.8
1722054632.0074,2024-07-26 21:30:32.007,neutral,frown,0.95,clench,0.8
1722054632.0387,2024-07-26 21:30:32.038,neutral,frown,0.95,clench,0.8
1722054632.0699,2024-07-26 21:30:32.069,neutral,frown,0.95,clench,0.8
1722054632.1012,2024-07-26 21:30:32.101,neutral,frown,0.95,clench,0.8
1722054632.1324,2024-07-26 21:30:32.132,neutral,frown,0.95,clench,0.8
1722054632.1637,2024-07-26 21:30:32.163,neutral,frown,0.95,clench,0.8
1722054632.1949,2024-07-26 21:30:32.194,neutral,frown,0.95,clench,0.8
1722054632.2262,2024-07-26 21:30:32.226,neutral,frown,0.95,clench,0.8
1722054632.2574,2024-07-26 21:30:32.257,neutral,frown,0.95,clench,0.8
1722054632.2887,2024-07-26 21:30:32.288,neutral,frown,0.95,clench,0.8
1722054632.3199,2024-07-26 21:30:32.319,neutral,frown,0.95,clench,0.8
1722054632.3512,2024-07-26 21:30:32.351,neutral,frown,0.95,clench,0.8
1722054632.3824,2024-07-26 21:30:32.382,neutral,frown,0.95,clench,0.8
1722054632.4137,2024-07-26 21:30:32.413,neutral,frown,0.95,clench,0.8
1722054632.4449,2024-07-26 21:30:32.444,neutral,frown,0.95,clench,0.8
1722054632.4762,2024-07-26 21:30:32.476,neutral,frown,0.95,clench,0.8
1722054632.5074,2024-07-26 21:30:32.507,neutral,frown,0.95,clench,0.8
1722054632.5387,2024-07-26 21:30:32.538,neutral,frown,0.95,clench,0.8
1722054632.5699,2024-07-26 21:30:32.569,neutral,frown,0.95,clench,0.8
1722054632.6012,2024-07-26 21:30:32.601,neutral,frown,0.95,clench,0.8
1722054632.6324,2024-07-26 21:30:32.632,neutral,frown,0.95,clench,0.8
1722054632.6637,2024-07-26 21:30:32.663,neutral,frown,0.95,clench,0.8
1722054632.6949,2024-07-26 21:30:32.694,neutral,frown,0.95,clench,0.8
1722054632.7262,2024-07-26 21:30:32.726,neutral,frown,0.95,clench,0.8
1722054632.7574,2024-07-26 21:30:32.757,neutral,frown,0.95,clench,0.8
1722054632.7887,2024-07-26 21:30:32.788,neutral,frown,0.95,clench,0.8
1722054632.8199,2024-07-26 21:30:32.819,neutral,frown,0.95,clench,0.8
1722054632.8512,2024-07-26 21:30:32.851,neutral,frown,0.95,clench,0.8
1722054632.8824,2024-07-26 21:30:32.882,neutral,frown,0.95,clench,0.8
1722054632.9137,2024-07-26 21:30:32.913,neutral,frown,0.95,clench,0.8
1722054632.9449,2024-07-26 21:30:32.944,neutral,frown,0.95,clench,0.8
1722054632.9762,2024-07-26 21:30:32.976,neutral,frown,0.95,clench,0.8
1722054633.0074,2024-07-26 21:30:33.007,neutral,frown,0.95,clench,0.8
1722054633.0387,2024-07-26 21:30:33.038,neutral,frown,0.95,clench,0.8
1722054633.0699,2024-07-26 21:30:33.069,neutral,frown,0.95,clench,0.8
1722054633.1012,2024-07-26 21:30:33.101,neutral,frown,0.95,clench,0.8
1722054633.1324,2024-07-26 21:30:33.132,neutral,frown,0.95,clench,0.8
1722054633.1637,2024-07-26 21:30:33.163,neutral,frown,0.95,clench,0.8
1722054633.1949,2024-07-26 21:30:33.194,neutral,frown,0.95,clench,0.8
1722054633.2262,2024-07-26 21:30:33.226,neutral,frown,0.95,clench,0.8
1722054633.2574,2024-07-26 21:30:33.257,neutral,frown,0.95,clench,0.8
1722054633.2887,2024-07-26 21:30:33.288,neutral,frown,0.95,clench,0.8
1722054633.3199,2024-07-26 21:30:33.319,neutral,frown,0.95,clench,0.8
1722054633.3512,2024-07-26 21:30:33.351,neutral,frown,0.95,clench,0.8
1722054633.3824,2024-07-26 21:30:33.382,neutral,frown,0.95,clench,0.8
1722054633.4137,2024-07-26 21:30:33.413,neutral,frown,0.95,clench,0.8
1722054633.4449,2024-07-26 21:30:33.444,neutral,frown,0.95,clench,0.8
1722054633.4762,2024-07-26 21:30:33.476,neutral,frown,0.95,clench,0.8
1722054633.5074,2024-07-26 21:30:33.507,neutral,frown,0.95,clench,0.8
1722054633.5387,2024-07-26 21:30:33.538,neutral,frown,0.95,clench,0.8
1722054633.5699,2024-07-26 21:30:33.569,neutral,frown,0.95,clench,0.8
1722054633.6012,2024-07-26 21:30:33.601,neutral,frown,0.95,clench,0.8
1722054633.6324,2024-07-26 21:30:33.632,neutral,frown,0.95,clench,0.8
1722054633.6637,2024-07-26 21:30:33.663,neutral,frown,0.95,clench,0.8
1722054633.6949,2024-07-26 21:30:33.694,neutral,frown,0.95,clench,0.8
1722054633.7262,2024-07-26 21:30:33.726,neutral,frown,0.95,clench,0.8
1722054633.7574,2024-07-26 21:30:33.757,neutral,frown,0.95,clench,0.8
1722054633.7887,2024-07-26 21:30:33.788,neutral,frown,0.95,clench,0.8
1722054633.8199,2024-07-26 21:30:33.819,neutral,frown,0.95,clench,0.8
1722054633.8512,2024-07-26 21:30:33.851,neutral,frown,0.95,clench,0.8
1722054633.8824,2024-07-26 21:30:33.882,neutral,frown,0.95,clench,0.8
1722054633.9137,2024-07-26 21:30:33.913,neutral,frown,0.95,clench,0.8
1722054633.9449,2024-07-26 21:30:33.944,neutral,frown,0.95,clench,0.8
1722054633.9762,2024-07-26 21:30:33.976,neutral,frown,0.95,clench,0.8
1722054634.0074,2024-07-26 21:30:34.007,neutral,frown,0.95,clench,0.8
1722054634.0387,2024-07-26 21:30:34.038,neutral,frown,0.95,clench,0.8
1722054634.0699,2024-07-26 21:30:34.069,neutral,frown,0.95,clench,0.8
1722054634.1012,2024-07-26 21:30:34.101,neutral,frown,0.95,clench,0.8
1722054634.1324,2024-07-26 21:30:34.132,neutral,frown,0.95,clench,0.8
1722054634.1637,2024-07-26 21:30:34.163,neutral,frown,0.95,clench,0.8
1722054634.1949,2024-07-26 21:30:34.194,neutral,frown,0.95,clench,0.8
1722054634.2262,2024-07-26 21:30:34.226,neutral,frown,0.95,clench,0.8
1722054634.2574,2024-07-26 21:30:34.257,neutral,frown,0.95,clench,0.8
1722054634.2887,2024-07-26 21:30:34.288,neutral,frown,0.95,clench,0.8
1722054634.3199,2024-07-26 21:30:34.319,neutral,frown,0.95,clench,0.8
1722054634.3512,2024-07-26 21:30:34.351,neutral,frown,0.95,clench,0.8
1722054634.3824,2024-07-26 21:30:34.382,neutral,frown,0.95,clench,0.8
1722054634.4137,2024-07-26 21:30:34.413,neutral,frown,0.95,clench,0.8
1722054634.4449,2024-07-26 21:30:34.444,neutral,frown,0.95,clench,0.8
1722054634.4762,2024-07-26 21:30:34.476,neutral,frown,0.95,clench,0.8
1722054634.5074,2024-07-26 21:30:34.507,neutral,frown,0.95,clench,0.8
1722054634.5387,2024-07-26 21:30:34.538,neutral,frown,0.95,clench,0.8
1722054634.5699,2024-07-26 21:30:34.569,neutral,frown,0.95,clench,0.8
1722054634.6012,2024-07-26 21:30:34.601,neutral,frown,0.95,clench,0.8
1722054634.6324,2024-07-26 21:30:34.632,neutral,frown,0.95,clench,0.8
1722054634.6637,2024-07-26 21:30:34.663,neutral,frown,0.95,clench,0.8
1722054634.6949,2024-07-26 21:30:34.694,neutral,frown,0.95,clench,0.8
1722054634.7262,2024-07-26 21:30:34.726,neutral,frown,0.95,clench,0.8
1722054634.7574,2024-07-26 21:30:34.757,neutral,frown,0.95,clench,0.8
1722054634.7887,2024-07-26 21:30:34.788,neutral,frown,0.95,clench,0.8
1722054634.8199,2024-07-26 21:30:34.819,neutral,frown,0.95,clench,0.8
1722054634.8512,2024-07-26 21:30:34.851,neutral,frown,0.95,clench,0.8
1722054634.8824,2024-07-26 21:30:34.882,neutral,frown,0.95,clench,0.8
1722054634.9137,2024-07-26 21:30:34.913,neutral,frown,0.95,clench,0.8
1722054634.9449,2024-07-26 21:30:34.944,neutral,frown,0.95,clench,0.8
1722054634.9762,2024-07-26 21:30:34.976,neutral,frown,0.95,clench,0.8
1722054635.0074,2024-07-26 21:30:35.007,neutral,frown,0.95,clench,0.8
1722054635.0387,2024-07-26 21:30:35.038,neutral,frown,0.95,clench,0.8
1722054635.0699,2024-07-26 21:30:35.069,neutral,frown,0.95,clench,0.8
1722054635.1012,2024-07-26 21:30:35.101,neutral,frown,0.95,clench,0.8
1722054635.1324,2024-07-26 21:30:35.132,neutral,frown,0.95,clench,0.8
1722054635.1637,2024-07-26 21:30:35.163,neutral,frown,0.95,clench,0.8
1722054635.1949,2024-07-26 21:30:35.194,neutral,frown,0.95,clench,0.8
1722054635.2262,2024-07-26 21:30:35.226,neutral,frown,0.95,clench,0.8
1722054635.2574,2024-07-26 21:30:35.257,neutral,frown,0.95,clench,0.8
1722054635.2887,2024-07-26 21:30:35.288,neutral,frown,0.95,clench,0.8
1722054635.3199,2024-07-26 21:30:35.319,neutral,frown,0.95,clench,0.8
1722054635.3512,2024-07-26 21:30:35.351,neutral,frown,0.95,clench,0.8
1722054635.3824,2024-07-26 21:30:35.382,neutral,frown,0.95,clench,0.8
1722054635.4137,2024-07-26 21:30:35.413,neutral,frown,0.95,clench,0.8
1722054635.4449,2024-07-26 21:30:35.444,neutral,frown,0.95,clench,0.8
1722054635.4762,2024-07-26 21:30:35.476,neutral,frown,0.95,clench,0.8
1722054635.5074,2024-07-26 21:30:35.507,neutral,frown,0.95,clench,0.8
1722054635.5387,2024-07-26 21:30:35.538,neutral,frown,0.95,clench,0.8
1722054635.5699,2024-07-26 21:30:35.569,neutral,frown,0.95,clench,0.8
1722054635.6012,2024-07-26 21:30:35.601,neutral,frown,0.95,clench,0.8
1722054635.6324,2024-07-26 21:30:35.632,neutral,frown,0.95,clench,0.8
1722054635.6637,2024-07-26 21:30:35.663,neutral,frown,0.95,clench,0.8
1722054635.6949,2024-07-26 21:30:35.694,neutral,frown,0.95,clench,0.8
1722054635.7262,2024-07-26 21:30:35.726,neutral,frown,0.95,clench,0.8
1722054635.7574,2024-07-26 21:30:35.757,neutral,frown,0.95,clench,0.8
1722054635.7887,2024-07-26 21:30:35.788,neutral,frown,0.95,clench,0.8
1722054635.8199,2024-07-26 21:30:35.819,neutral,frown,0.95,clench,0.8
1722054635.8512,2024-07-26 21:30:35.851,neutral,frown,0.95,clench,0.8
1722054635.8824,2024-07-26 21:30:35.882,neutral,frown,0.95,clench,0.8
1722054635.9137,2024-07-26 21:30:35.913,neutral,frown,0.95,clench,0.8
1722054635.9449,2024-07-26 21:30:35.944,neutral,frown,0.95,clench,0.8
1722054635.9762,2024-07-26 21:30:35.976,neutral,frown,0.95,clench,0.8
1722054636.0074,2024-07-26 21:30:36.007,neutral,frown,0.95,clench,0.8
1722054636.0387,2024-07-26 21:30:36.038,neutral,frown,0.95,clench,0.8
1722054636.0699,2024-07-26 21:30:36.069,neutral,frown,0.95,clench,0.8
1722054636.1012,2024-07-26 21:30:36.101,neutral,frown,0.95,clench,0.8
1722054636.1324,2024-07-26 21:30:36.132,neutral,frown,0.95,clench,0.8
1722054636.1637,2024-07-26 21:30:36.163,neutral,frown,0.95,clench,0.8
1722054636.1949,2024-07-26 21:30:36.194,neutral,frown,0.95,clench,0.8
1722054636.2262,2024-07-26 21:30:36.226,neutral,frown,0.95,clench,0.8
1722054636.2574,2024-07-26 21:30:36.257,neutral,frown,0.95,clench,0.8
1722054636.2887,2024-07-26 21:30:36.288,neutral,frown,0.95,clench,0.8
1722054636.3199,2024-07-26 21:30:36.319,neutral,frown,0.95,clench,0.8
1722054636.3512,2024-07-26 21:30:36.351,neutral,frown,0.95,clench,0.8
1722054636.3824,2024-07-26 21:30:36.382,neutral,frown,0.95,clench,0.8
1722054636.4137,2024-07-26 21:30:36.413,neutral,frown,0.95,clench,0.8
1722054636.4449,2024-07-26 21:30:36.444,neutral,frown,0.95,clench,0.8
1722054636.4762,2024-07-26 21:30:36.476,neutral,frown,0.95,clench,0.8
1722054636.5074,2024-07-26 21:30:36.507,neutral,frown,0.95,clench,0.8
1722054636.5387,2024-07-26 21:30:36.538,neutral,frown,0.95,clench,0.8
1722054636.5699,2024-07-26 21:30:36.569,neutral,frown,0.95,clench,0.8
1722054636.6012,2024-07-26 21:30:36.601,neutral,frown,0.95,clench,0.8
1722054636.6324,2024-07-26 21:30:36.632,neutral,frown,0.95,clench,0.8
1722054636.6637,2024-07-26 21:30:36.663,neutral,frown,0.95,clench,0.8
1722054636.6949,2024-07-26 21:30:36.694,neutral,frown,0.95,clench,0.8
1722054636.7262,2024-07-26 21:30:36.726,neutral,frown,0.95,clench,0.8
1722054636.7574,2024-07-26 21:30:36.757,neutral,frown,0.95,clench,0.8
1722054636.7887,2024-07-26 21:30:36.788,neutral,frown,0.95,clench,0.8
1722054636.8199,2024-07-26 21:30:36.819,neutral,frown,0.95,clench,0.8
1722054636.8512,2024-07-26 21:30:36.851,neutral,frown,0.95,clench,0.8
1722054636.8824,2024-07-26 21:30:36.882,neutral,frown,0.95,clench,0.8
1722054636.9137,2024-07-26 21:30:36.913,neutral,frown,0.95,clench,0.8
1722054636.9449,2024-07-26 21:30:36.944,neutral,frown,0.95,clench,0.8
1722054636.9762,2024-07-26 21:30:36.976,neutral,frown,0.95,clench,0.8
1722054637.0074,2024-07-26 21:30:37.007,neutral,frown,0.95,clench,0.8
1722054637.0387,2024-07-26 21:30:37.038,neutral,frown,0.95,clench,0.8
1722054637.0699,2024-07-26 21:30:37.069,neutral,frown,0.95,clench,0.8
1722054637.1012,2024-07-26 21:30:37.101,neutral,frown,0.95,clench,0.8
1722054637.1324,2024-07-26 21:30:37.132,neutral,frown,0.95,clench,0.8
1722054637.1637,2024-07-26 21:30:37.163,neutral,frown,0.95,clench,0.8
1722054637.1949,2024-07-26 21:30:37.194,neutral,frown,0.95,clench,0.8
1722054637.2262,2024-07-26 21:30:37.226,neutral,frown,0.95,clench,0.8
1722054637.2574,2024-07-26 21:30:37.257,neutral,frown,0.95,clench,0.8
1722054637.2887,2024-07-26 21:30:37.288,neutral,frown,0.95,clench,0.8
1722054637.3199,2024-07-26 21:30:37.319,neutral,frown,0.95,clench,0.8
1722054637.3512,2024-07-26 21:30:37.351,neutral,frown,0.95,clench,0.8
1722054637.3824,2024-07-26 21:30:37.382,neutral,frown,0.95,clench,0.8
1722054637.4137,2024-07-26 21:30:37.413,neutral,frown,0.95,clench,0.8
1722054637.4449,2024-07-26 21:30:37.444,neutral,frown,0.95,clench,0.8
1722054637.4762,2024-07-26 21:30:37.476,neutral,frown,0.95,clench,0.8
1722054637.5074,2024-07-26 21:30:37.507,neutral,frown,0.95,clench,0.8
1722054637.5387,2024-07-26 21:30:37.538,neutral,frown,0.95,clench,0.8
1722054637.5699,2024-07-26 21:30:37.569,neutral,frown,0.95,clench,0.8
1722054637.6012,2024-07-26 21:30:37.601,neutral,frown,0.95,clench,0.8
1722054637.6324,2024-07-26 21:30:37.632,neutral,frown,0.95,clench,0.8
1722054637.6637,2024-07-26 21:30:37.663,neutral,frown,0.95,clench,0.8
1722054637.6949,2024-07-26 21:30:37.694,neutral,frown,0.95,clench,0.8
1722054637.7262,2024-07-26 21:30:37.726,neutral,frown,0.95,clench,0.8
1722054637.7574,2024-07-26 21:30:37.757,neutral,frown,0.95,clench,0.8
1722054637.7887,2024-07-26 21:30:37.788,neutral,frown,0.95,clench,0.8
1722054637.8199,2024-07-26 21:30:37.819,neutral,frown,0.95,clench,0.8
1722054637.8512,2024-07-26 21:30:37.851,neutral,frown,0.95,clench,0.8
1722054637.8824,2024-07-26 21:30:37.882,neutral,frown,0.95,clench,0.8
1722054637.9137,2024-07-26 21:30:37.913,neutral,frown,0.95,clench,0.8
1722054637.9449,2024-07-26 21:30:37.944,neutral,frown,0.95,clench,0.8
1722054637.9762,2024-07-26 21:30:37.976,neutral,frown,0.95,clench,0.8
1722054638.0074,2024-07-26 21:30:38.007,neutral,frown,0.95,clench,0.8
1722054638.0387,2024-07-26 21:30:38.038,neutral,frown,0.95,clench,0.8
1722054638.0699,2024-07-26 21:30:38.069,neutral,frown,0.95,clench,0.8
1722054638.1012,2024-07-26 21:30:38.101,neutral,frown,0.95,clench,0.8
1722054638.1324,2024-07-26 21:30:38.132,neutral,frown,0.95,clench,0.8
1722054638.1637,2024-07-26 21:30:38.163,neutral,frown,0.95,clench,0.8
1722054638.1949,2024-07-26 21:30:38.194,neutral,frown,0.95,clench,0.8
1722054638.2262,2024-07-26 21:30:38.226,neutral,frown,0.95,clench,0.8
1722054638.2574,2024-07-26 21:30:38.257,neutral,frown,0.95,clench,0.8
1722054638.2887,2024-07-26 21:30:38.288,neutral,frown,0.95,clench,0.8
1722054638.3199,2024-07-26 21:30:38.319,neutral,frown,0.95,clench,0.8
1722054638.3512,2024-07-26 21:30:38.351,neutral,frown,0.95,clench,0.8
1722054638.3824,2024-07-26 21:30:38.382,neutral,frown,0.95,clench,0.8
1722054638.4137,2024-07-26 21:30:38.413,neutral,frown,0.95,clench,0.8
1722054638.4449,2024-07-26 21:30:38.444,neutral,frown,0.95,clench,0.8
1722054638.4762,2024-07-26 21:30:38.476,neutral,frown,0.95,clench,0.8
1722054638.5074,2024-07-26 21:30:38.507,neutral,frown,0.95,clench,0.8
1722054638.5387,2024-07-26 21:30:38.538,neutral,frown,0.95,clench,0.8
1722054638.5699,2024-07-26 21:30:38.569,neutral,frown,0.95,clench,0.8
1722054638.6012,2024-07-26 21:30:38.601,neutral,frown,0.95,clench,0.8
1722054638.6324,2024-07-26 21:30:38.632,neutral,frown,0.95,clench,0.8
1722054638.6637,2024-07-26 21:30:38.663,neutral,frown,0.95,clench,0.8
1722054638.6949,2024-07-26 21:30:38.694,neutral,frown,0.95,clench,0.8
1722054638.7262,2024-07-26 21:30:38.726,neutral,frown,0.95,clench,0.8
1722054638.7574,2024-07-26 21:30:38.757,neutral,frown,0.95,clench,0.8
1722054638.7887,2024-07-26 21:30:38.788,neutral,frown,0.95,clench,0.8
1722054638.8199,2024-07-26 21:30:38.819,neutral,frown,0.95,clench,0.8
1722054638.8512,2024-07-26 21:30:38.851,neutral,frown,0.95,clench,0.8
1722054638.8824,2024-07-26 21:30:38.882,neutral,frown,0.95,clench,0.8
1722054638.9137,2024-07-26 21:30:38.913,neutral,frown,0.95,clench,0.8
1722054638.9449,2024-07-26 21:30:38.944,neutral,frown,0.95,clench,0.8
1722054638.9762,2024-07-26 21:30:38.976,neutral,frown,0.95,clench,0.8
1722054639.0074,2024-07-26 21:30:39.007,neutral,frown,0.95,clench,0.8
1722054639.0387,2024-07-26 21:30:39.038,neutral,frown,0.95,clench,0.8
1722054639.0699,2024-07-26 21:30:39.069,neutral,frown,0.95,clench,0.8
1722054639.1012,2024-07-26 21:30:39.101,neutral,frown,0.95,clench,0.8
1722054639.1324,2024-07-26 21:30:39.132,neutral,frown,0.95,clench,0.8
1722054639.1637,2024-07-26 21:30:39.163,neutral,frown,0.95,clench,0.8
1722054639.1949,2024-07-26 21:30:39.194,neutral,frown,0.95,clench,0.8
1722054639.2262,2024-07-26 21:30:39.226,neutral,frown,0.95,clench,0.8
1722054639.2574,2024-07-26 21:30:39.257,neutral,frown,0.95,clench,0.8
1722054639.2887,2024-07-26 21:30:39.288,neutral,frown,0.95,clench,0.8
1722054639.3199,2024-07-26 21:30:39.319,neutral,frown,0.95,clench,0.8
1722054639.3512,2024-07-26 21:30:39.351,neutral,frown,0.95,clench,0.8
1722054639.3824,2024-07-26 21:30:39.382,neutral,frown,0.95,clench,0.8
1722054639.4137,2024-07-26 21:30:39.413,neutral,frown,0.95,clench,0.8
1722054639.4449,2024-07-26 21:30:39.444,neutral,frown,0.95,clench,0.8
1722054639.4762,2024-07-26 21:30:39.476,neutral,frown,0.95,clench,0.8
1722054639.5074,2024-07-26 21:30:39.507,neutral,frown,0.95,clench,0.8
1722054639.5387,2024-07-26 21:30:39.538,neutral,frown,0.95,clench,0.8
1722054639.5699,2024-07-26 21:30:39.569,neutral,frown,0.95,clench,0.8
1722054639.6012,2024-07-26 21:30:39.601,neutral,frown,0.95,clench,0.8
1722054639.6324,2024-07-26 21:30:39.632,neutral,frown,0.95,clench,0.8
1722054639.6637,2024-07-26 21:30:39.663,neutral,frown,0.95,clench,0.8
1722054639.6949,2024-07-26 21:30:39.694,neutral,frown,0.95,clench,0.8
1722054639.7262,2024-07-26 21:30:39.726,neutral,frown,0.95,clench,0.8
1722054639.7574,2024-07-26 21:30:39.757,neutral,frown,0.95,clench,0.8
1722054639.7887,2024-07-26 21:30:39.788,neutral,frown,0.95,clench,0.8
1722054639.8199,2024-07-26 21:30:39.819,neutral,frown,0.95,clench,0.8
1722054639.8512,2024-07-26 21:30:39.851,neutral,frown,0.95,clench,0.8
1722054639.8824,2024-07-26 21:30:39.882,neutral,frown,0.95,clench,0.8
1722054639.9137,2024-07-26 21:30:39.913,neutral,frown,0.95,clench,0.8
1722054639.9449,2024-07-26 21:30:39.944,neutral,frown,0.95,clench,0.8
1722054639.9762,2024-07-26 21:30:39.976,neutral,frown,0.95,clench,0.8
1722054640.0074,2024-07-26 21:30:40.007,neutral,frown,0.95,clench,0.8
1722054640.0387,2024-07-26 21:30:40.038,neutral,frown,0.95,clench,0.8
1722054640.0699,2024-07-26 21:30:40.069,neutral,frown,0.95,clench,0.8
1722054640.1012,2024-07-26 21:30:40.101,neutral,frown,0.95,clench,0.8
1722054640.1324,2024-07-26 21:30:40.132,neutral,frown,0.95,clench,0.8
1722054640.1637,2024-07-26 21:30:40.163,neutral,frown,0.95,clench,0.8
1722054640.1949,2024-07-26 21:30:40.194,neutral,frown,0.95,clench,0.8
1722054640.2262,2024-07-26 21:30:40.226,neutral,frown,0.95,clench,0.8
1722054640.2574,2024-07-26 21:30:40.257,neutral,frown,0.95,clench,0.8
1722054640.2887,2024-07-26 21:30:40.288,neutral,frown,0.95,clench,0.8
1722054640.3199,2024-07-26 21:30:40.319,neutral,frown,0.95,clench,0.8
1722054640.3512,2024-07-26 21:30:40.351,neutral,frown,0.95,clench,0.8
1722054640.3824,2024-07-26 21:30:40.382,neutral,frown,0.95,clench,0.8
1722054640.4137,2024-07-26 21:30:40.413,neutral,frown,0.95,clench,0.8
1722054640.4449,2024-07-26 21:30:40.444,neutral,frown,0.95,clench,0.8
1722054640.4762,2024-07-26 21:30:40.476,neutral,frown,0.95,clench,0.8
1722054640.5074,2024-07-26 21:30:40.507,neutral,frown,0.95,clench,0.8
1722054640.5387,2024-07-26 21:30:40.538,neutral,frown,0.95,clench,0.8
1722054640.5699,2024-07-26 21:30:40.569,neutral,frown,0.95,clench,0.8
1722054640.6012,2024-07-26 21:30:40.601,neutral,frown,0.95,clench,0.8
1722054640.6324,2024-07-26 21:30:40.632,neutral,frown,0.95,clench,0.8
1722054640.6637,2024-07-26 21:30:40.663,neutral,frown,0.95,clench,0.8
1722054640.6949,2024-07-26 21:30:40.694,neutral,frown,0.95,clench,0.8
1722054640.7262,2024-07-26 21:30:40.726,neutral,frown,0.95,clench,0.8
1722054640.7574,2024-07-26 21:30:40.757,neutral,frown,0.95,clench,0.8
1722054640.7887,2024-07-26 21:30:40.788,neutral,frown,0.95,clench,0.8
1722054640.8199,2024-07-26 21:30:40.819,neutral,frown,0.95,clench,0.8
1722054640.8512,2024-07-26 21:30:40.851,neutral,frown,0.95,clench,0.8
1722054640.8824,2024-07-26 21:30:40.882,neutral,frown,0.95,clench,0.8
1722054640.9137,2024-07-26 21:30:40.913,neutral,frown,0.95,clench,0.8
1722054640.9449,2024-07-26 21:30:40.944,neutral,frown,0.95,clench,0.8
1722054640.9762,2024-07-26 21:30:40.976,neutral,frown,0.95,clench,0.8
1722054641.0074,2024-07-26 21:30:41.007,neutral,frown,0.95,clench,0.8
1722054641.0387,2024-07-26 21:30:41.038,neutral,frown,0.95,clench,0.8
1722054641.0699,2024-07-26 21:30:41.069,neutral,frown,0.95,clench,0.8
1722054641.1012,2024-07-26 21:30:41.101,neutral,frown,0.95,clench,0.8
1722054641.1324,2024-07-26 21:30:41.132,neutral,frown,0.95,clench,0.8
1722054641.1637,2024-07-26 21:30:41.163,neutral,frown,0.95,clench,0.8
1722054641.1949,2024-07-26 21:30:41.194,neutral,frown,0.95,clench,0.8
1722054641.2262,2024-07-26 21:30:41.226,neutral,frown,0.95,clench,0.8
1722054641.2574,2024-07-26 21:30:41.257,neutral,frown,0.95,clench,0.8
1722054641.2887,2024-07-26 21:30:41.288,neutral,frown,0.95,clench,0.8
1722054641.3199,2024-07-26 21:30:41.319,neutral,frown,0.95,clench,0.8
1722054641.3512,2024-07-26 21:30:41.351,neutral,frown,0.95,clench,0.8
1722054641.3824,2024-07-26 21:30:41.382,neutral,frown,0.95,clench,0.8
1722054641.4137,2024-07-26 21:30:41.413,neutral,frown,0.95,clench,0.8
1722054641.4449,2024-07-26 21:30:41.444,neutral,frown,0.95,clench,0.8
1722054641.4762,2024-07-26 21:30:41.476,neutral,frown,0.95,clench,0.8
1722054641.5074,2024-07-26 21:30:41.507,neutral,frown,0.95,clench,0.8
1722054641.5387,2024-07-26 21:30:41.538,neutral,frown,0.95,clench,0.8
1722054641.5699,2024-07-26 21:30:41.569,neutral,frown,0.95,clench,0.8
1722054641.6012,2024-07-26 21:30:41.601,neutral,frown,0.95,clench,0.8
1722054641.6324,2024-07-26 21:30:41.632,neutral,frown,0.95,clench,0.8
1722054641.6637,2024-07-26 21:30:41.663,neutral,frown,0.95,clench,0.8
1722054641.6949,2024-07-26 21:30:41.694,neutral,frown,0.95,clench,0.8
1722054641.7262,2024-07-26 21:30:41.726,neutral,frown,0.95,clench,0.8
1722054641.7574,2024-07-26 21:30:41.757,neutral,frown,0.95,clench,0.8
1722054641.7887,2024-07-26 21:30:41.788,neutral,frown,0.95,clench,0.8
1722054641.8199,2024-07-26 21:30:41.819,neutral,frown,0.95,clench,0.8
1722054641.8512,2024-07-26 21:30:41.851,neutral,frown,0.95,clench,0.8
1722054641.8824,2024-07-26 21:30:41.882,neutral,frown,0.95,clench,0.8
1722054641.9137,2024-07-26 21:30:41.913,neutral,frown,0.95,clench,0.8
1722054641.9449,2024-07-26 21:30:41.944,neutral,frown,0.95,clench,0.8
1722054641.9762,2024-07-26 21:30:41.976,neutral,frown,0.95,clench,0.8
1722054642.0074,2024-07-26 21:30:42.007,neutral,frown,0.95,clench,0.8
1722054642.0387,2024-07-26 21:30:42.038,neutral,frown,0.95,clench,0.8
1722054642.0699,2024-07-26 21:30:42.069,neutral,frown,0.95,clench,0.8
1722054642.1012,2024-07-26 21:30:42.101,neutral,frown,0.95,clench,0.8
1722054642.1324,2024-07-26 21:30:42.132,neutral,frown,0.95,clench,0.8
1722054642.1637,2024-07-26 21:30:42.163,neutral,frown,0.95,clench,0.8
1722054642.1949,2024-07-26 21:30:42.194,neutral,frown,0.95,clench,0.8
1722054642.2262,2024-07-26 21:30:42.226,neutral,frown,0.95,clench,0.8
1722054642.2574,2024-07-26 21:30:42.257,neutral,frown,0.95,clench,0.8
1722054642.2887,2024-07-26 21:30:42.288,neutral,frown,0.95,clench,0.8
1722054642.3199,2024-07-26 21:30:42.319,neutral,frown,0.95,clench,0.8
1722054642.3512,2024-07-26 21:30:42.351,neutral,frown,0.95,clench,0.8
1722054642.3824,2024-07-26 21:30:42.382,neutral,frown,0.95,clench,0.8
1722054642.4137,2024-07-26 21:30:42.413,neutral,frown,0.95,clench,0.8
1722054642.4449,2024-07-26 21:30:42.444,neutral,frown,0.95,clench,0.8
1722054642.4762,2024-07-26 21:30:42.476,neutral,frown,0.95,clench,0.8
1722054642.5074,2024-07-26 21:30:42.507,neutral,frown,0.95,clench,0.8
1722054642.5387,2024-07-26 21:30:42.538,neutral,frown,0.95,clench,0.8
1722054642.5699,2024-07-26 21:30:42.569,neutral,frown,0.95,clench,0.8
1722054642.6012,2024-07-26 21:30:42.601,neutral,frown,0.95,clench,0.8
1722054642.6324,2024-07-26 21:30:42.632,neutral,frown,0.95,clench,0.8
1722054642.6637,2024-07-26 21:30:42.663,neutral,frown,0.95,clench,0.8
1722054642.6949,2024-07-26 21:30:42.694,neutral,frown,0.95,clench,0.8
1722054642.7262,2024-07-26 21:30:42.726,neutral,frown,0.95,clench,0.8
1722054642.7574,2024-07-26 21:30:42.757,neutral,frown,0.95,clench,0.8
1722054642.7887,2024-07-26 21:30:42.788,neutral,frown,0.95,clench,0.8
1722054642.8199,2024-07-26 21:30:42.819,neutral,frown,0.95,clench,0.8
1722054642.8512,2024-07-26 21:30:42.851,neutral,frown,0.95,clench,0.8
1722054642.8824,2024-07-26 21:30:42.882,neutral,frown,0.95,clench,0.8
1722054642.9137,2024-07-26 21:30:42.913,neutral,frown,0.95,clench,0.8
1722054642.9449,2024-07-26 21:30:42.944,neutral,frown,0.95,clench,0.8
1722054642.9762,2024-07-26 21:30:42.976,neutral,frown,0.95,clench,0.8
1722054643.0074,2024-07-26 21:30:43.007,neutral,frown,0.95,clench,0.8
1722054643.0387,2024-07-26 21:30:43.038,neutral,frown,0.95,clench,0.8
1722054643.0699,2024-07-26 21:30:43.069,neutral,frown,0.95,clench,0.8
1722054643.1012,2024-07-26 21:30:43.101,neutral,frown,0.95,clench,0.8
1722054643.1324,2024-07-26 21:30:43.132,neutral,frown,0.95,clench,0.8
1722054643.1637,2024-07-26 21:30:43.163,neutral,frown,0.95,clench,0.8
1722054643.1949,2024-07-26 21:30:43.194,neutral,frown,0.95,clench,0.8
1722054643.2262,2024-07-26 21:30:43.226,neutral,frown,0.95,clench,0.8
1722054643.2574,2024-07-26 21:30:43.257,neutral,frown,0.95,clench,0.8
1722054643.2887,2024-07-26 21:30:43.288,neutral,frown,0.95,clench,0.8
1722054643.3199,2024-07-26 21:30:43.319,neutral,frown,0.95,clench,0.8
1722054643.3512,2024-07-26 21:30:43.351,neutral,frown,0.95,clench,0.8
1722054643.3824,2024-07-26 21:30:43.382,neutral,frown,0.95,clench,0.8
1722054643.4137,2024-07-26 21:30:43.413,neutral,frown,0.95,clench,0.8
1722054643.4449,2024-07-26 21:30:43.444,neutral,frown,0.95,clench,0.8
1722054643.4762,2024-07-26 21:30:43.476,neutral,frown,0.95,clench,0.8
1722054643.5074,2024-07-26 21:30:43.507,neutral,frown,0.95,clench,0.8
1722054643.5387,2024-07-26 21:30:43.538,neutral,frown,0.95,clench,0.8
1722054643.5699,2024-07-26 21:30:43.569,neutral,frown,0.95,clench,0.8
1722054643.6012,2024-07-26 21:30:43.601,neutral,frown,0.95,clench,0.8
1722054643.6324,2024-07-26 21:30:43.632,neutral,frown,0.95,clench,0.8
1722054643.6637,2024-07-26 21:30:43.663,neutral,frown,0.95,clench,0.8
1722054643.6949,2024-07-26 21:30:43.694,neutral,frown,0.95,clench,0.8
1722054643.7262,2024-07-26 21:30:43.726,neutral,frown,0.95,clench,0.8
1722054643.7574,2024-07-26 21:30:43.757,neutral,frown,0.95,clench,0.8
1722054643.7887,2024-07-26 21:30:43.788,neutral,frown,0.95,clench,0.8
1722054643.8199,2024-07-26 21:30:43.819,neutral,frown,0.95,clench,0.8
1722054643.8512,2024-07-26 21:30:43.851,neutral,frown,0.95,clench,0.8
1722054643.8824,2024-07-26 21:30:43.882,neutral,frown,0.95,clench,0.8
1722054643.9137,2024-07-26 21:30:43.913,neutral,frown,0.95,clench,0.8
1722054643.9449,2024-07-26 21:30:43.944,neutral,frown,0.95,clench,0.8
1722054643.9762,2024-07-26 21:30:43.976,neutral,frown,0.95,clench,0.8
1722054644.0074,2024-07-26 21:30:44.007,neutral,frown,0.95,clench,0.8
1722054644.0387,2024-07-26 21:30:44.038,neutral,frown,0.95,clench,0.8
1722054644.0699,2024-07-26 21:30:44.069,neutral,frown,0.95,clench,0.8
1722054644.1012,2024-07-26 21:30:44.101,neutral,frown,0.95,clench,0.8
1722054644.1324,2024-07-26 21:30:44.132,neutral,frown,0.95,clench,0.8
1722054644.1637,2024-07-26 21:30:44.163,neutral,frown,0.95,clench,0.8
1722054644.1949,2024-07-26 21:30:44.194,neutral,frown,0.95,clench,0.8
1722054644.2262,2024-07-26 21:30:44.226,neutral,frown,0.95,clench,0.8
1722054644.2574,2024-07-26 21:30:44.257,neutral,frown,0.95,clench,0.8
1722054644.2887,2024-07-26 21:30:44.288,neutral,frown,0.95,clench,0.8
1722054644.3199,2024-07-26 21:30:44.319,neutral,frown,0.95,clench,0.8
1722054644.3512,2024-07-26 21:30:44.351,neutral,frown,0.95,clench,0.8
1722054644.3824,2024-07-26 21:30:44.382,neutral,frown,0.95,clench,0.8
1722054644.4137,2024-07-26 21:30:44.413,neutral,frown,0.95,clench,0.8
1722054644.4449,2024-07-26 21:30:44.444,neutral,frown,0.95,clench,0.8
1722054644.4762,2024-07-26 21:30:44.476,neutral,frown,0.95,clench,0.8
1722054644.5074,2024-07-26 21:30:44.507,neutral,frown,0.95,clench,0.8
1722054644.5387,2024-07-26 21:30:44.538,neutral,frown,0.95,clench,0.8
1722054644.5699,2024-07-26 21:30:44.569,neutral,frown,0.95,clench,0.8
1722054644.6012,2024-07-26 21:30:44.601,neutral,frown,0.95,clench,0.8
1722054644.6324,2024-07-26 21:30:44.632,neutral,frown,0.95,clench,0.8
1722054644.6637,2024-07-26 21:30:44.663,neutral,frown,0.95,clench,0.8
1722054644.6949,2024-07-26 21:30:44.694,neutral,frown,0.95,clench,0.8
1722054644.7262,2024-07-26 21:30:44.726,neutral,frown,0.95,clench,0.8
1722054644.7574,2024-07-26 21:30:44.757,neutral,frown,0.95,clench,0.8
1722054644.7887,2024-07-26 21:30:44.788,neutral,frown,0.95,clench,0.8
1722054644.8199,2024-07-26 21:30:44.819,neutral,frown,0.95,clench,0.8
1722054644.8512,2024-07-26 21:30:44.851,neutral,frown,0.95,clench,0.8
1722054644.8824,2024-07-26 21:30:44.882,neutral,frown,0.95,clench,0.8
1722054644.9137,2024-07-26 21:30:44.913,neutral,frown,0.95,clench,0.8
1722054644.9449,2024-07-26 21:30:44.944,neutral,frown,0.95,clench,0.8
1722054644.9762,2024-07-26 21:30:44.976,neutral,frown,0.95,clench,0.8
1722054645.0074,2024-07-26 21:30:45.007,neutral,frown,0.95,clench,0.8
1722054645.0387,2024-07-26 21:30:45.038,neutral,frown,0.95,clench,0.8
1722054645.0699,2024-07-26 21:30:45.069,neutral,frown,0.95,clench,0.8
1722054645.1012,2024-07-26 21:30:45.101,neutral,frown,0.95,clench,0.8
1722054645.1324,2024-07-26 21:30:45.132,neutral,frown,0.95,clench,0.8
1722054645.1637,2024-07-26 21:30:45.163,neutral,frown,0.95,clench,0.8
1722054645.1949,2024-07-26 21:30:45.194,neutral,frown,0.95,clench,0.8
1722054645.2262,2024-07-26 21:30:45.226,neutral,frown,0.95,clench,0.8
1722054645.2574,2024-07-26 21:30:45.257,neutral,frown,0.95,clench,0.8
1722054645.2887,2024-07-26 21:30:45.288,neutral,frown,0.95,clench,0.8
1722054645.3199,2024-07-26 21:30:45.319,neutral,frown,0.95,clench,0.8
1722054645.3512,2024-07-26 21:30:45.351,neutral,frown,0.95,clench,0.8
1722054645.3824,2024-07-26 21:30:45.382,neutral,frown,0.95,clench,0.8
1722054645.4137,2024-07-26 21:30:45.413,neutral,frown,0.95,clench,0.8
1722054645.4449,2024-07-26 21:30:45.444,neutral,frown,0.95,clench,0.8
1722054645.4762,2024-07-26 21:30:45.476,neutral,frown,0.95,clench,0.8
1722054645.5074,2024-07-26 21:30:45.507,neutral,frown,0.95,clench,0.8
1722054645.5387,2024-07-26 21:30:45.538,neutral,frown,0.95,clench,0.8
1722054645.5699,2024-07-26 21:30:45.569,neutral,frown,0.95,clench,0.8
1722054645.6012,2024-07-26 21:30:45.601,neutral,frown,0.95,clench,0.8
1722054645.6324,2024-07-26 21:30:45.632,neutral,frown,0.95,clench,0.8
1722054645.6637,2024-07-26 21:30:45.663,neutral,frown,0.95,clench,0.8
1722054645.6949,2024-07-26 21:30:45.694,neutral,frown,0.95,clench,0.8
1722054645.7262,2024-07-26 21:30:45.726,neutral,frown,0.95,clench,0.8
1722054645.7574,2024-07-26 21:30:45.757,neutral,frown,0.95,clench,0.8
1722054645.7887,2024-07-26 21:30:45.788,neutral,frown,0.95,clench,0.8
1722054645.8199,2024-07-26 21:30:45.819,neutral,frown,0.95,clench,0.8
1722054645.8512,2024-07-26 21:30:45.851,neutral,frown,0.95,clench,0.8
1722054645.8824,2024-07-26 21:30:45.882,neutral,frown,0.95,clench,0.8
1722054645.9137,2024-07-26 21:30:45.913,neutral,frown,0.95,clench,0.8
1722054645.9449,2024-07-26 21:30:45.944,neutral,frown,0.95,clench,0.8
1722054645.9762,2024-07-26 21:30:45.976,neutral,frown,0.95,clench,0.8
1722054646.0074,2024-07-26 21:30:46.007,neutral,frown,0.95,clench,0.8
1722054646.0387,2024-07-26 21:30:46.038,neutral,frown,0.95,clench,0.8
1722054646.0699,2024-07-26 21:30:46.069,neutral,frown,0.95,clench,0.8
1722054646.1012,2024-07-26 21:30:46.101,neutral,frown,0.95,clench,0.8
1722054646.1324,2024-07-26 21:30:46.132,neutral,frown,0.95,clench,0.8
1722054646.1637,2024-07-26 21:30:46.163,neutral,frown,0.95,clench,0.8
1722054646.1949,2024-07-26 21:30:46.194,neutral,frown,0.95,clench,0.8
1722054646.2262,2024-07-26 21:30:46.226,neutral,frown,0.95,clench,0.8
1722054646.2574,2024-07-26 21:30:46.257,neutral,frown,0.95,clench,0.8
1722054646.2887,2024-07-26 21:30:46.288,neutral,frown,0.95,clench,0.8
1722054646.3199,2024-07-26 21:30:46.319,neutral,frown,0.95,clench,0.8
1722054646.3512,2024-07-26 21:30:46.351,neutral,frown,0.95,clench,0.8
1722054646.3824,2024-07-26 21:30:46.382,neutral,frown,0.95,clench,0.8
1722054646.4137,2024-07-26 21:30:46.413,neutral,frown,0.95,clench,0.8
1722054646.4449,2024-07-26 21:30:46.444,neutral,frown,0.95,clench,0.8
1722054646.4762,2024-07-26 21:30:46.476,neutral,frown,0.95,clench,0.8
1722054646.5074,2024-07-26 21:30:46.507,neutral,frown,0.95,clench,0.8
1722054646.5387,2024-07-26 21:30:46.538,neutral,frown,0.95,clench,0.8
1722054646.5699,2024-07-26 21:30:46.569,neutral,frown,0.95,clench,0.8
1722054646.6012,2024-07-26 21:30:46.601,neutral,frown,0.95,clench,0.8
1722054646.6324,2024-07-26 21:30:46.632,neutral,frown,0.95,clench,0.8
